Predicted,True,Abs_Error,Correct_within_tol
28.155506,28.3566951751709,0.2011890411376953,1
27.517384,27.770111083984375,0.2527275085449219,1
27.059395,27.263824462890625,0.20442962646484375,1
26.627693,27.7567253112793,1.1290321350097692,0
26.709373,27.56491661071777,0.8555431365966761,1
26.329182,27.868242263793945,1.5390605926513672,0
26.481646,28.33439064025879,1.8527450561523438,0
26.780313,28.65332794189453,1.8730144500732422,0
26.801634,28.436988830566406,1.635354995727539,0
27.148048,28.080127716064453,0.9320793151855469,1
26.894802,28.37230682373047,1.4775047302246094,0
27.226505,28.256330490112305,1.029825210571289,0
27.495333,27.51808738708496,0.022754669189453125,1
27.363707,27.709890365600586,0.34618377685546875,1
27.396595,27.48908805847168,0.09249305725097656,1
27.392635,28.184959411621094,0.7923240661621094,1
27.696114,27.752267837524418,0.056154251098636365,1
27.987646,27.712120056152344,0.2755260467529297,1
28.029726,27.950777053833008,0.078948974609375,1
28.325699,28.403539657592773,0.07784080505371094,1
28.502094,28.104663848876953,0.397430419921875,1
28.393143,28.01322174072266,0.3799209594726527,1
28.13403,28.22732925415039,0.09329986572265625,1
28.177656,28.3477725982666,0.17011642456054688,1
28.277992,28.29201316833496,0.014020919799804688,1
28.260246,28.16934585571289,0.09090042114257812,1
28.387983,28.27640724182129,0.11157608032226562,1
28.8427,28.140356063842777,0.7023429870605433,1
29.003721,27.82364845275879,1.1800727844238281,0
28.767921,28.45928955078125,0.30863189697265625,1
28.659348,28.30539894104004,0.35394859313964844,1
28.927906,28.686790466308594,0.24111557006835938,1
29.212715,28.92096900939941,0.29174613952637074,1
29.317184,29.05702209472656,0.26016235351562855,1
29.294014,29.585622787475586,0.2916088104248047,1
29.024103,29.119476318359375,0.09537315368652344,1
28.337652,28.691246032714847,0.35359382629394887,1
28.249685,27.912858963012695,0.3368263244628906,1
27.52378,28.760385513305664,1.2366046905517578,0
27.687878,28.704627990722656,1.0167503356933594,0
27.888426,28.05782127380371,0.16939544677734375,1
27.83156,27.881628036499023,0.050067901611328125,1
27.514004,28.054080963134762,0.5400772094726527,1
27.816427,28.58264923095703,0.7662220001220703,1
27.817947,28.291484832763672,0.4735374450683594,1
27.979443,28.190708160400387,0.2112655639648402,1
27.860273,28.222063064575195,0.3617897033691406,1
27.8986,28.88051986694336,0.9819202423095703,1
27.950335,28.840208053588867,0.8898735046386719,1
27.90173,29.15824317932129,1.2565135955810547,0
27.952375,29.131366729736328,1.1789913177490234,0
28.213533,29.129125595092773,0.9155921936035156,1
28.856909,29.42699432373047,0.5700855255126953,1
29.06674,29.684564590454105,0.6178245544433629,1
29.293669,29.030576705932617,0.263092041015625,1
29.12827,29.572580337524414,0.44431114196777344,1
29.631012,29.51435089111328,0.11666107177734375,1
30.07027,29.178396224975586,0.8918743133544922,1
29.745546,29.236623764038082,0.5089225769043004,1
30.013102,29.106725692749023,0.9063758850097656,1
30.139065,29.142566680908203,0.9964981079101562,1
30.289412,28.972349166870117,1.3170623779296875,0
29.89643,28.813331604003906,1.0830974578857422,0
29.622719,28.62295913696289,0.9997596740722656,1
28.913227,28.537858963012695,0.3753681182861328,1
28.380096,28.864852905273434,0.48475646972655895,1
28.42273,28.799896240234375,0.377166748046875,1
28.27756,28.481868743896484,0.20430946350097656,1
27.887104,28.425867080688477,0.5387630462646484,1
27.776108,28.578168869018555,0.8020610809326172,1
27.502163,28.5109806060791,1.0088176727294922,0
27.298698,28.64087677001953,1.3421783447265625,0
27.426632,28.354196548461918,0.9275646209716832,1
27.061008,28.580413818359375,1.5194053649902344,0
27.362528,28.45050621032715,1.0879783630371094,0
27.481752,28.692386627197266,1.2106342315673828,0
27.533184,28.555767059326175,1.0225830078125036,0
27.88132,28.387792587280273,0.5064716339111328,1
27.948578,27.890581130981445,0.05799674987792969,1
27.725536,28.092159271240234,0.3666229248046875,1
27.538801,28.354196548461918,0.8153953552246129,1
27.783625,28.318368911743164,0.5347442626953125,1
28.111496,28.219820022583008,0.10832405090332031,1
28.299921,28.150394439697266,0.14952659606933594,1
28.04542,27.451616287231445,0.5938034057617188,1
27.441486,26.891698837280273,0.5497875213623047,1
26.56574,27.610633850097656,1.0448932647705078,0
26.642197,28.143678665161133,1.5014820098876953,0
27.013865,28.13248062133789,1.1186161041259766,0
27.413218,28.403474807739258,0.9902572631835938,1
27.674995,28.781974792480472,1.106979370117191,0
28.018332,29.030576705932617,1.0122451782226562,0
28.270748,29.579294204711914,1.3085460662841797,0
28.663284,29.28366470336914,0.6203804016113281,1
28.518398,28.045127868652347,0.4732704162597621,1
27.447008,28.03169059753418,0.5846824645996094,1
27.539846,27.883865356445312,0.34401893615722656,1
27.615822,27.49640655517578,0.119415283203125,1
27.567232,27.633033752441406,0.06580162048339844,1
27.91745,27.545673370361328,0.3717765808105469,1
28.266151,27.406822204589844,0.8593292236328125,1
28.272507,27.16717529296875,1.1053314208984375,0
27.85938,26.526630401611328,1.3327503204345703,0
27.080452,25.675554275512695,1.404897689819336,0
25.63677,25.845775604248047,0.20900535583496094,1
24.884556,25.902015686035156,1.0174598693847656,0
24.77449,25.98976135253906,1.2152709960937464,0
24.582535,26.934680938720703,2.3521461486816406,0
24.755367,25.533048629760742,0.7776813507080078,1
24.336155,25.9267635345459,1.5906085968017578,0
24.170156,25.906517028808594,1.7363605499267578,0
24.63993,26.0887451171875,1.4488143920898438,0
25.091778,26.358732223510742,1.2669544219970703,0
25.456486,26.210247039794922,0.7537612915039062,1
25.752682,25.875017166137695,0.12233543395996094,1
25.719353,25.344066619873047,0.3752861022949219,1
25.382254,23.7939453125,1.588308334350586,0
24.30068,23.200000762939453,1.1006793975830078,0
23.262325,23.339488983154297,0.0771636962890625,1
23.157265,24.678125381469727,1.5208606719970703,0
23.39558,25.40481185913086,2.0092315673828125,0
23.791996,25.48805046081543,1.696054458618164,0
24.214615,25.36881446838379,1.1541996002197266,0
24.68121,24.234916687011715,0.4462928771972692,1
24.412338,25.274322509765625,0.8619842529296875,1
24.658714,24.831110000610355,0.17239570617676137,1
24.762466,24.583641052246094,0.17882537841796875,1
24.755173,25.267578125,0.5124053955078125,1
24.836311,24.7816104888916,0.05470085144042969,1
24.488213,25.326065063476562,0.8378524780273438,1
24.705948,25.69503402709961,0.9890861511230469,1
25.348547,25.94251251220703,0.5939655303955078,1
25.874313,26.160749435424805,0.2864360809326172,1
26.46275,26.189992904663086,0.27275657653808594,1
26.737322,25.629787445068363,1.1075344085693324,0
26.2766,25.524049758911133,0.7525501251220703,1
25.823435,25.920015335083008,0.09658050537109375,1
25.933685,25.512805938720703,0.4208793640136719,1
26.202265,25.719783782958984,0.4824810028076172,1
26.370604,25.872772216796875,0.4978313446044922,1
26.533974,25.807527542114258,0.7264461517333984,1
26.675312,25.29682159423828,1.3784904479980469,0
26.399006,24.53638458251953,1.8626213073730469,0
25.864693,24.815359115600586,1.0493335723876953,0
25.500708,24.65337371826172,0.8473339080810547,1
25.062387,24.83336067199707,0.22902679443359375,1
24.811676,24.923355102539066,0.11167907714844105,1
24.647806,25.04258918762207,0.39478302001953125,1
24.62984,24.923355102539066,0.2935142517089879,1
24.767973,24.63536834716797,0.13260459899902344,1
24.6147,25.224824905395504,0.6101245880126918,1
24.727396,25.107841491699215,0.38044548034667613,1
25.155624,25.15058517456055,0.005039215087887072,1
25.314957,24.795116424560547,0.5198402404785156,1
25.0967,25.166330337524414,0.06962966918945312,1
25.242044,24.98185157775879,0.26019287109375,1
25.409214,25.1370849609375,0.2721290588378906,1
26.077518,25.596044540405273,0.4814739227294922,1
26.346537,25.593793869018555,0.7527427673339844,1
26.746756,25.985265731811527,0.761489868164059,1
27.082417,26.790687561035156,0.2917289733886719,1
27.286606,25.935764312744144,1.3508415222167933,0
26.889801,25.771526336669922,1.1182746887207031,0
26.571724,26.833433151245117,0.26170921325683594,1
26.51987,27.116912841796875,0.5970420837402344,1
26.855255,26.88518524169922,0.02993011474609375,1
27.049055,27.263149261474613,0.21409416198730824,1
27.504173,27.57587432861328,0.0717010498046875,1
27.870127,27.447635650634762,0.422491073608402,1
28.058403,27.32110023498535,0.7373027801513672,1
28.320248,27.352737426757812,0.9675102233886719,1
28.590633,27.242029190063477,1.3486042022705078,0
28.648352,26.38344383239746,2.2649078369140625,0
28.053879,26.234313964843746,1.819564819335941,0
27.718624,26.146202087402344,1.5724220275878906,0
27.348835,25.382505416870117,1.966329574584961,0
26.96361,25.798240661621097,1.165369033813473,0
27.022991,25.687532424926758,1.335458755493164,0
26.726444,26.500932693481445,0.2255115509033203,1
26.54145,26.83758544921875,0.29613494873046875,1
26.672485,26.955078124999996,0.28259277343749645,1
26.77324,26.604867935180664,0.16837120056152344,1
26.630266,26.860177993774414,0.22991180419921875,1
26.555702,26.668127059936523,0.11242485046386719,1
26.758112,26.61841583251953,0.1396961212158203,1
26.959257,26.7291316986084,0.23012542724609375,1
26.840736,26.51222038269043,0.32851600646972656,1
27.06538,26.272727966308594,0.7926521301269531,1
27.180077,26.028713226318363,1.1513633728027308,0
27.093632,26.894071578979492,0.19956016540527344,1
27.453001,26.724613189697266,0.7283878326416016,1
27.814854,26.71331787109375,1.1015357971191406,0
28.078571,26.123605728149414,1.954965591430664,0
27.523035,26.247867584228516,1.275167465209961,0
27.285362,25.57229995727539,1.7130622863769531,0
26.595781,25.41414451599121,1.1816368103027344,0
25.980078,24.964506149291992,1.0155715942382812,0
25.44902,25.15656852722168,0.2924518585205078,1
25.180037,24.623334884643555,0.55670166015625,1
25.022882,23.956802368164066,1.0660800933837855,0
24.127003,24.250532150268555,0.12352943420410156,1
24.28909,24.227941513061523,0.06114768981933594,1
24.531404,24.539741516113278,0.008337020874019885,1
24.85567,24.408689498901367,0.44698143005371094,1
24.88724,24.135295867919922,0.7519435882568359,1
24.716766,24.569112777709964,0.1476535797119105,1
24.747902,24.248273849487305,0.49962806701660156,1
24.85466,23.78282737731934,1.071832656860348,0
24.564436,23.80315589904785,0.7612800598144531,1
24.166315,23.20667839050293,0.9596366882324219,1
23.933685,22.752527236938477,1.1811580657958984,0
23.576479,21.79226112365723,1.7842178344726527,0
22.953686,21.907497406005863,1.046188354492184,0
22.74517,22.262226104736325,0.4829444885253942,1
23.05439,22.58532905578613,0.469060897827152,1
23.22816,22.00465202331543,1.2235088348388672,0
23.069407,22.485910415649414,0.58349609375,1
23.000362,21.945907592773438,1.0544548034667969,0
22.653656,21.839717864990238,0.8139381408691371,1
22.731491,21.869085311889652,0.8624057769775355,1
22.343712,21.75837326049805,0.5853385925292933,1
22.341606,22.915205001831055,0.5735988616943359,1
22.610144,22.467838287353516,0.1423053741455078,1
22.826881,22.592105865478516,0.23477554321289062,1
22.827974,21.10765266418457,1.7203216552734375,0
21.969746,21.259035110473633,0.7107105255126953,1
22.507097,21.993350982666016,0.5137462615966797,1
22.79778,21.787744522094727,1.0100345611572266,0
23.147568,21.34715461730957,1.8004131317138672,0
23.229477,21.769676208496097,1.4598007202148402,0
23.40353,21.944589614868168,1.4589405059814418,0
23.42272,21.358491897583008,2.064228057861328,0
23.414442,21.583391189575195,1.8310508728027344,0
23.385122,21.57884407043457,1.8062782287597656,0
23.463644,21.415283203124996,2.0483608245849645,0
23.509052,21.285799026489254,2.223253250122074,0
23.057486,21.35167694091797,1.7058086395263672,0
23.000383,21.95367431640625,1.0467090606689453,0
22.988512,22.289884567260742,0.6986274719238281,1
23.62901,21.86734962463379,1.7616596221923828,0
23.888788,21.817371368408203,2.0714168548583984,0
23.843987,22.00819969177246,1.8357868194580078,0
23.98982,21.51069450378418,2.4791259765625,0
24.083202,21.83100128173828,2.2522010803222656,0
24.053402,21.98094367980957,2.072458267211914,0
24.135504,22.015016555786133,2.1204872131347656,0
24.467072,21.96503257751465,2.5020389556884766,0
24.488455,22.837369918823242,1.6510848999023438,0
24.641928,22.887340545654297,1.754587173461914,0
25.068083,23.057722091674805,2.0103607177734375,0
25.420113,23.400747299194332,2.019365310668949,0
25.625359,23.141769409179688,2.4835891723632812,0
25.613329,22.950950622558594,2.6623783111572266,0
25.452087,22.971397399902344,2.4806900024414062,0
25.669596,22.98275375366211,2.6868419647216797,0
25.776155,23.230365753173828,2.5457897186279297,0
25.970474,23.289430618286133,2.6810436248779297,0
26.57248,23.757404327392578,2.815074920654297,0
26.83366,24.07317352294922,2.760486602783203,0
27.109001,24.034549713134766,3.074451446533203,0
27.32259,24.06181526184082,3.260774612426758,0
27.412374,24.059547424316406,3.3528270721435547,0
27.392075,24.243547439575195,3.148527145385742,0
27.475073,24.109516143798828,3.3655567169189453,0
27.426369,24.00502204895019,3.4213466644287145,0
27.133846,23.895980834960938,3.237865447998047,0
27.219181,24.461631774902344,2.757549285888672,0
27.578798,24.888710021972656,2.6900882720947266,0
27.754858,24.75922203063965,2.995635986328125,0
28.03802,24.986391067504883,3.0516281127929688,0
28.240559,25.24309539794922,2.9974632263183594,0
28.303617,24.94550132751465,3.3581161499023438,0
28.124878,25.20674705505371,2.918130874633789,0
28.007088,24.65699577331543,3.3500919342041016,0
27.502525,24.684255599975586,2.818269729614258,0
27.30236,24.76603317260742,2.5363273620605504,0
27.130161,25.088621139526367,2.0415401458740234,0
27.121134,25.45209503173828,1.6690387725830078,0
27.254318,25.465721130371094,1.7885971069335938,0
27.54399,24.95458221435547,2.589406967163086,0
27.248095,24.416196823120117,2.831897735595703,0
26.461866,24.286706924438477,2.175159454345703,0
26.071922,24.336687088012695,1.7352352142333984,0
25.883322,24.07317352294922,1.8101482391357422,0
25.54879,24.007286071777344,1.54150390625,0
25.154453,23.870983123779297,1.2834701538085938,0
25.02082,23.705150604248047,1.3156700134277344,0
24.368196,22.221738815307617,2.1464576721191406,0
23.100023,21.54250144958496,1.5575218200683594,0
22.557552,21.29488754272461,1.262664794921875,0
22.227919,21.27217102050781,0.9557476043701207,1
22.060884,21.622007369995117,0.4388771057128906,1
21.822388,21.39710807800293,0.4252796173095703,1
21.819641,21.31025505065918,0.5093860626220703,1
21.861265,21.19141387939453,0.6698513031005859,1
21.79664,21.20741081237793,0.5892295837402344,1
21.875916,21.35140037536621,0.5245151519775391,1
21.932096,21.14341545104981,0.788681030273434,1
21.9993,20.6474609375,1.3518390655517578,0
21.417105,20.688591003417972,0.7285137176513636,1
21.422186,21.45652961730957,0.034343719482421875,1
21.528519,21.36739730834961,0.16112136840820312,1
22.030445,21.61194610595703,0.4184989929199219,1
22.75004,21.529678344726562,1.2203617095947266,0
23.420794,21.762794494628906,1.657999038696289,0
23.942314,22.039342880249023,1.9029712677001953,0
24.172527,22.375316619873047,1.797210693359375,0
24.617294,22.768434524536133,1.8488597869873047,0
25.02771,22.948989868164062,2.0787200927734375,0
25.197517,22.935270309448242,2.262247085571289,0
25.551693,22.823278427124023,2.728414535522461,0
25.58048,22.503307342529297,3.0771732330322266,0
25.708227,22.33418083190918,3.3740463256835938,0
25.873522,22.3798885345459,3.493633270263672,0
26.151272,22.542160034179688,3.609111785888672,0
26.229452,22.63357734680176,3.5958747863769496,0
26.42498,22.61301231384277,3.811967849731449,0
26.483807,22.775285720825195,3.7085208892822266,0
26.608736,22.58786773681641,4.020868301391598,0
26.377277,22.247320175170902,4.129957199096676,0
25.752956,22.27475166320801,3.478204727172848,0
25.228569,22.201614379882816,3.0269546508789027,0
24.52233,22.295324325561523,2.2270050048828125,0
23.958305,21.78793716430664,2.170368194580078,0
23.033522,21.735366821289062,1.2981548309326172,0
22.803211,21.92049217224121,0.8827190399169922,1
22.914589,21.838214874267578,1.0763740539550781,0
23.12156,21.96392059326172,1.1576385498046875,0
23.302423,21.346826553344727,1.955596923828125,0
22.529793,21.035993576049805,1.4937992095947266,0
22.258032,21.39025115966797,0.8677806854248047,1
22.349669,21.575382232666016,0.7742862701416016,1
22.45665,21.849641799926758,0.6070079803466797,1
22.753092,21.915922164916996,0.8371696472167933,1
23.22758,21.710229873657223,1.517349243164066,0
23.409842,21.833646774291992,1.5761947631835938,0
23.589842,21.927352905273438,1.6624889373779297,0
23.7695,22.096477508544922,1.6730232238769531,0
24.165056,22.165048599243164,2.0000076293945312,0
24.545504,22.265602111816406,2.2799015045166016,0
24.749847,22.139907836914062,2.6099395751953125,0
24.838274,22.57872772216797,2.2595462799072266,0
24.869583,22.57644271850586,2.293140411376953,0
25.459259,22.816421508789066,2.642837524414059,0
26.144413,22.825567245483395,3.3188457489013707,0
26.708227,22.84613609313965,3.862091064453125,0
27.020374,22.725004196166992,4.295370101928711,0
26.8849,22.54901695251465,4.335882186889648,0
26.60375,22.247320175170902,4.356430053710934,0
26.14743,22.094196319580078,4.053234100341797,0
25.417723,23.529508590698242,1.888214111328125,0
25.062277,23.84719467163086,1.2150821685791016,0
25.50891,23.817481994628903,1.6914272308349645,0
25.895754,24.238025665283203,1.6577281951904297,0
26.136229,23.879194259643555,2.2570343017578125,0
26.255415,24.17860221862793,2.076812744140625,0
26.377287,24.327960968017578,2.049325942993164,0
26.559696,24.69792366027832,1.8617725372314453,0
26.570883,24.902441024780273,1.6684417724609375,0
26.824003,25.00355339050293,1.8204498291015625,0
27.053957,24.81741714477539,2.236539840698242,0
27.244843,24.80133056640625,2.443511962890625,0
27.459522,24.85877799987793,2.6007442474365234,0
27.966326,25.15750503540039,2.8088207244873047,0
28.400145,25.134525299072266,3.2656192779541016,0
28.368402,25.097757339477543,3.270645141601559,0
28.369207,25.065593719482422,3.3036136627197266,0
28.426231,25.12993049621582,3.2963008880615234,0
28.297318,24.93461608886719,3.3627014160156214,0
28.424881,25.012737274169922,3.4121437072753906,0
28.485489,24.824306488037113,3.6611824035644496,0
28.189592,24.718608856201172,3.4709835052490234,0
27.572685,24.573835372924805,2.998849868774414,0
26.772377,24.54625701904297,2.2261199951171875,0
26.13374,24.357835769653324,1.775903701782223,0
25.715628,24.38081169128418,1.3348159790039062,0
25.431515,24.525583267211914,0.9059314727783203,1
25.406582,24.75537872314453,0.6512031555175781,1
25.310902,24.748483657836918,0.5624179840087855,1
25.275768,24.9001407623291,0.3756275177001953,1
25.276432,24.247533798217773,1.0288982391357422,0
24.779924,23.698335647583008,1.0815887451171875,0
24.300047,24.22915267944336,0.07089424133300781,1
24.424883,24.805927276611328,0.3810443878173828,1
24.543655,25.683729171752933,1.1400737762451207,0
24.468666,26.556934356689453,2.088268280029297,0
24.93837,26.407567977905277,1.4691982269287145,0
25.330608,26.099651336669925,0.7690429687500036,1
25.87752,26.097347259521488,0.21982765197754262,1
26.476254,26.092758178710938,0.3834953308105469,1
26.876442,26.338638305664062,0.5378036499023438,1
27.266125,25.899730682373047,1.36639404296875,0
27.04569,25.93879318237305,1.106897354125973,0
27.237179,25.98704719543457,1.250131607055664,0
27.398153,26.18467140197754,1.2134819030761719,0
27.792364,25.777942657470703,2.0144214630126953,0
28.080637,25.977863311767575,2.1027736663818395,0
28.235025,25.856069564819336,2.378955841064453,0
28.335718,25.966373443603516,2.369344711303711,0
28.010895,25.977863311767575,2.0330314636230504,0
27.369812,26.170881271362305,1.1989307403564453,0
27.09601,26.209945678710938,0.8860645294189453,1
27.218615,26.66723251342773,0.5513820648193395,1
27.431385,26.724681854248047,0.7067031860351562,1
27.273695,26.963661193847656,0.31003379821777344,1
27.52667,26.880939483642578,0.6457309722900391,1
28.039753,27.030296325683594,1.0094566345214844,0
28.439156,27.01191902160644,1.4272365570068395,0
28.855757,26.993535995483395,1.8622207641601598,0
29.029922,26.913114547729492,2.1168079376220703,0
29.669538,26.89931869506836,2.7702198028564453,0
29.953749,26.79361915588379,3.1601295471191406,0
30.221962,27.034896850585938,3.1870651245117188,0
30.470556,27.172775268554688,3.297780990600586,0
30.36743,26.5615348815918,3.8058948516845668,0
29.238974,26.306461334228516,2.9325122833251953,0
28.68633,26.131824493408203,2.554506301879883,0
27.75642,26.090457916259766,1.6659622192382812,0
27.230904,25.619386672973633,1.6115169525146484,0
26.231623,25.64236068725586,0.5892620086669922,1
25.848328,25.36750984191894,0.48081779479980824,1
25.380342,25.138853073120117,0.24148941040039062,1
25.002443,25.501476287841793,0.4990329742431605,1
25.038876,25.65160369873047,0.6127281188964844,1
25.284882,25.610031127929688,0.3251495361328125,1
25.007063,24.89633369445801,0.11072921752929332,1
24.72228,25.044155120849606,0.3218746185302699,1
24.725609,24.41591453552246,0.3096942901611328,1
24.303904,24.739273071289062,0.43536949157714844,1
24.536558,25.404468536376953,0.8679103851318359,1
24.709734,25.395227432250977,0.6854934692382812,1
25.249268,25.42062759399414,0.17136001586914062,1
25.584211,25.806350708007812,0.2221393585205078,1
26.125002,25.82252693176269,0.30247497558594105,1
26.515062,25.690868377685543,0.824193954467777,1
26.81704,25.820213317871094,0.996826171875,1
27.379496,25.76939582824707,1.6100997924804688,0
27.372759,25.743989944458008,1.6287689208984375,0
27.288317,25.52688026428223,1.7614364624023402,0
27.035112,25.288980484008786,1.7461318969726598,0
27.094156,25.383680343627926,1.710475921630863,0
27.225113,25.201215744018555,2.023897171020508,0
27.530285,25.395227432250977,2.1350574493408203,0
27.784632,25.64467430114746,2.1399574279785156,0
27.656166,25.89643478393555,1.7597312927246058,0
27.792765,26.319107055664062,1.4736576080322266,0
27.977144,26.168977737426758,1.80816650390625,0
27.894588,26.60551071166992,1.289077758789066,0
27.831884,26.60551071166992,1.2263736724853551,0
28.030338,26.751028060913086,1.2793102264404297,0
28.001379,26.78567123413086,1.215707778930664,0
28.087067,26.9404239654541,1.1466426849365234,0
28.443224,27.012022018432617,1.4312019348144531,0
29.001936,27.037429809570312,1.9645061492919922,0
29.652401,26.85958480834961,2.792816162109375,0
29.86854,26.912700653076172,2.955839157104492,0
30.451796,27.083627700805668,3.368167877197262,0
30.806124,26.9681396484375,3.837984085083008,0
30.83601,26.96120643615723,3.8748035430908168,0
30.865019,26.751028060913086,4.113990783691406,0
30.15503,26.827245712280273,3.3277835845947266,0
29.979725,26.79722023010254,3.182504653930664,0
29.530245,26.93349266052246,2.596752166748047,0
29.364317,27.2337532043457,2.1305637359619176,0
29.25681,27.483200073242188,1.7736091613769531,0
29.320127,27.510923385620117,1.8092041015625,0
29.414732,27.658742904663086,1.7559890747070312,0
29.497845,27.543252944946293,1.9545917510986293,0
29.414618,27.494754791259766,1.9198627471923828,0
29.554958,27.71648597717285,1.8384723663330078,0
29.64251,27.71417236328125,1.9283370971679688,0
29.76288,27.665664672851562,2.0972156524658203,0
29.924198,27.71648597717285,2.207712173461914,0
29.995115,27.734956741333008,2.2601585388183594,0
30.581604,27.709552764892578,2.872051239013672,0
30.885088,28.150703430175785,2.7343845367431605,0
31.215464,28.16456413269043,3.0508995056152344,0
31.515299,28.166873931884766,3.3484249114990234,0
31.708956,28.09296417236328,3.6159915924072266,0
31.415272,28.028291702270508,3.3869800567626953,0
30.819191,29.737480163574222,1.081710815429684,0
30.186792,29.686670303344727,0.5001220703125,1
30.884703,29.81369972229004,1.0710029602050781,0
31.512938,30.09316825866699,1.4197692871093786,0
31.986248,30.379579544067383,1.606668472290039,0
32.25442,30.49736785888672,1.7570533752441406,0
32.77842,30.717742919921875,2.0606765747070312,0
33.118645,30.648147583007812,2.4704971313476562,0
33.470047,30.919559478759766,2.550487518310547,0
33.77597,31.32087516784668,2.4550952911376953,0
33.903297,31.43453598022461,2.468761444091797,0
34.03109,31.397424697875977,2.633665084838867,0
34.329872,31.483245849609375,2.8466262817382812,0
34.673412,31.71058464050293,2.962827682495117,0
35.02753,31.805700302124027,3.2218303680419886,0
35.28386,31.6711483001709,3.612710952758789,0
35.393147,31.701301574707035,3.6918449401855433,0
35.48913,31.763931274414062,3.7251968383789062,0
35.579487,31.77786254882812,3.8016242980957067,0
35.565586,32.42737579345703,3.1382102966308594,0
35.516068,32.23484420776367,3.2812232971191406,0
35.345753,32.4250602722168,2.9206924438476562,0
35.471695,32.32299041748047,3.1487045288085938,0
35.360725,32.36475372314453,2.9959716796875,0
35.243263,32.244110107421875,2.9991531372070312,0
34.932842,32.169891357421875,2.762950897216797,0
34.640774,32.27659606933594,2.364177703857422,0
34.503067,32.29051971435547,2.2125473022460938,0
34.31647,32.24180603027344,2.074665069580078,0
34.100857,32.58279800415039,1.5180587768554688,0
34.216377,32.63615417480469,1.5802230834960938,0
34.421238,32.47377395629883,1.9474639892578125,0
33.986004,32.814781188964844,1.1712226867675781,0
34.209496,32.43898391723633,1.7705116271972656,0
33.3089,32.80548858642578,0.5034103393554688,1
33.357773,32.689510345458984,0.6682624816894531,1
33.20758,32.624549865722656,0.5830307006835938,1
33.128952,32.68021774291992,0.4487342834472656,1
33.080788,33.35757827758789,0.2767906188964844,1
33.391605,33.43181228637695,0.0402069091796875,1
33.781216,33.38774490356445,0.39347076416015625,1
34.10566,33.325111389160156,0.780548095703125,1
34.314857,33.33439636230469,0.9804611206054688,1
34.532406,33.582603454589844,0.9498023986816406,1
34.668358,33.40862274169922,1.259735107421875,0
34.487877,33.325111389160156,1.1627655029296875,0
34.548702,33.250885009765625,1.2978172302246094,0
34.401974,33.21144104003906,1.1905326843261719,0
34.63485,32.85420608520508,1.7806434631347656,0
34.0001,32.893653869628906,1.1064453125,0
33.876564,32.719661712646484,1.1569023132324219,0
33.70189,32.900604248046875,0.8012847900390625,1
33.70444,32.75444793701172,0.9499931335449219,1
32.93733,32.63383865356445,0.30348968505859375,1
32.219135,33.0421028137207,0.822967529296875,1
32.13084,33.002662658691406,0.8718223571777344,1
32.153793,33.320472717285156,1.1666793823242188,0
32.431225,33.52692794799805,1.095703125,0
32.5739,33.32975769042969,0.755859375,1
32.65344,33.355262756347656,0.7018241882324219,1
32.87392,33.32279968261719,0.4488792419433594,1
32.96439,34.00246810913086,1.0380783081054688,0
33.287918,34.21821212768555,0.9302940368652344,1
33.756428,34.11381149291992,0.35738372802734375,1
33.976933,33.99087142944336,0.01393890380859375,1
34.506847,34.554561614990234,0.0477142333984375,1
34.945232,35.49404525756836,0.5488128662109375,1
35.314236,35.721378326416016,0.40714263916015625,1
35.891285,35.552032470703125,0.3392524719238281,1
36.317955,35.859500885009766,0.4584541320800781,1
36.727474,36.36030578613281,0.3671684265136719,1
37.020473,36.26713562011719,0.7533378601074219,1
37.276516,36.21356201171875,1.0629539489746094,0
37.71413,34.9976692199707,2.716461181640625,0
36.807053,35.53108596801758,1.2759666442871094,0
36.640312,35.652198791503906,0.9881134033203125,1
36.47391,35.86882019042969,0.6050910949707031,1
36.447433,35.82456970214844,0.62286376953125,1
36.538708,35.71742248535156,0.8212852478027344,1
36.660965,35.84087371826172,0.8200912475585938,1
36.663963,35.780311584472656,0.8836517333984375,1
36.270897,35.79428482055664,0.4766120910644531,1
35.940056,35.58231735229492,0.3577384948730469,1
35.623962,35.68014907836914,0.056186676025390625,1
35.41313,36.20890426635742,0.7957725524902344,1
35.11717,35.85485076904297,0.7376823425292969,1
34.83293,35.97596740722656,1.143035888671875,0
34.701973,36.19026184082031,1.4882888793945312,0
35.60911,36.101749420166016,0.49263763427734375,1
35.896538,34.70184326171875,1.1946945190429688,0
34.56934,33.872623443603516,0.69671630859375,1
33.20809,34.14513397216797,0.937042236328125,1
32.908062,33.81205749511719,0.9039955139160156,1
32.60829,33.609405517578125,1.0011138916015625,0
32.280968,33.13889694213867,0.8579292297363281,1
31.724657,34.08690643310547,2.3622493743896484,0
31.959183,33.777122497558594,1.8179397583007812,0
32.150414,33.9774284362793,1.8270149230957031,0
32.356243,33.921531677246094,1.5652885437011719,0
32.301754,34.07294464111328,1.7711906433105469,0
32.15684,33.965789794921875,1.8089485168457031,0
32.095882,33.47895431518555,1.3830718994140625,0
31.84857,33.9681282043457,2.119558334350586,0
31.889286,33.467323303222656,1.5780372619628906,0
31.942348,33.54652404785156,1.6041755676269531,0
32.35267,33.42538833618164,1.0727195739746094,0
32.574554,33.562828063964844,0.9882736206054688,1
32.802483,33.24603271484375,0.44355010986328125,1
32.877937,33.58378982543945,0.7058525085449219,1
33.323643,33.788761138916016,0.465118408203125,1
33.255554,33.89824295043945,0.6426887512207031,1
33.451153,33.94716262817383,0.49600982666015625,1
33.41848,34.42001724243164,1.0015373229980469,0
33.6619,34.715816497802734,1.0539169311523438,0
33.954884,34.83694839477539,0.8820648193359375,1
34.22382,34.95808410644531,0.7342643737792969,1
34.892483,35.17701721191406,0.2845344543457031,1
35.237377,35.01862716674805,0.21875,1
35.896828,35.00233840942383,0.8944892883300781,1
36.206112,35.42625045776367,0.7798614501953125,1
36.78561,35.57766342163086,1.20794677734375,0
37.261677,35.74537658691406,1.5163002014160156,0
38.10055,35.06987762451172,3.0306739807128906,0
37.65983,34.82297897338867,2.8368492126464844,0
37.35066,34.643619537353516,2.7070388793945312,0
36.894875,34.95107650756836,1.9437980651855469,0
36.463882,36.60254669189453,0.13866424560546875,1
36.026882,36.23686599731445,0.20998382568359375,1
36.084545,36.42784118652344,0.3432960510253906,1
36.2256,36.991546630859375,0.7659454345703125,1
36.45436,37.287384033203125,0.8330230712890625,1
36.46763,37.51564025878906,1.0480117797851562,0
36.807594,36.32069396972656,0.48690032958984375,1
36.35032,36.82579803466797,0.4754791259765625,1
36.312748,37.38001251220703,1.0672645568847656,0
36.436573,37.789241790771484,1.3526687622070312,0
36.497684,37.63724899291992,1.1395645141601562,0
36.806953,36.91465759277344,0.10770416259765625,1
36.88533,36.830482482910156,0.05484771728515625,1
37.03066,36.76266098022461,0.26799774169921875,1
37.09951,37.36363983154297,0.264129638671875,1
36.994186,37.410400390625,0.4162139892578125,1
37.1345,37.244388580322266,0.10988998413085938,1
37.1242,37.38233184814453,0.2581329345703125,1
36.924236,37.75883102416992,0.8345947265625,1
36.823067,38.0955696105957,1.2725028991699219,0
36.74203,38.198463439941406,1.4564323425292969,0
37.376305,38.3504638671875,0.9741592407226562,1
37.750523,38.36215591430664,0.61163330078125,1
38.019855,37.90148162841797,0.11837387084960938,1
37.536495,37.861724853515625,0.3252296447753906,1
37.40718,37.7097282409668,0.3025474548339844,1
37.72566,37.0947151184082,0.6309432983398438,1
37.45325,37.7658576965332,0.3126068115234375,1
37.594414,37.61619567871094,0.02178192138671875,1
36.750206,37.3332405090332,0.5830345153808594,1
36.39311,37.01287841796875,0.6197700500488281,1
36.325333,37.387020111083984,1.0616874694824219,0
36.015163,37.10407257080078,1.0889091491699219,0
35.807045,37.118106842041016,1.3110618591308594,0
35.559013,36.49607849121094,0.9370651245117188,1
34.66716,35.86936950683594,1.20220947265625,0
34.0451,35.518611907958984,1.4735107421875,0
33.37094,35.205257415771484,1.8343162536621094,0
32.932953,35.81090545654297,2.8779525756835938,0
33.001728,36.065799713134766,3.0640716552734375,0
33.30408,35.84364318847656,2.539562225341797,0
33.63868,36.04008102416992,2.4014015197753906,0
33.58251,35.96759033203125,2.3850784301757812,0
33.661186,36.124263763427734,2.4630775451660156,0
33.875107,35.89042282104492,2.0153160095214844,0
33.976147,36.337066650390625,2.360919952392578,0
34.057972,36.316017150878906,2.258045196533203,0
34.23744,36.44229507446289,2.2048568725585938,0
34.415817,36.456321716308594,2.0405044555664062,0
34.805614,36.60832214355469,1.8027076721191406,0
35.499783,36.479705810546875,0.9799232482910156,1
36.18171,36.711212158203125,0.5295028686523438,1
37.063347,37.387020111083984,0.3236732482910156,1
37.627384,37.52499771118164,0.102386474609375,1
38.107292,37.35895919799805,0.7483329772949219,1
38.570843,36.47502517700195,2.0958175659179688,0
37.695904,36.538177490234375,1.1577262878417969,0
37.468903,36.51946258544922,0.9494400024414062,1
37.202866,36.736934661865234,0.4659309387207031,1
37.348957,36.57558822631836,0.7733688354492188,1
37.059097,36.809444427490234,0.24965286254882812,1
37.082333,38.12830352783203,1.0459709167480469,0
37.1432,38.98651885986328,1.8433189392089844,0
37.41808,39.5290412902832,2.1109619140625,0
37.839428,39.026268005371094,1.1868400573730469,0
38.022823,39.31156539916992,1.2887420654296875,0
38.097527,40.338134765625,2.2406082153320312,0
37.994328,40.74736404418945,2.7530364990234375,0
38.37541,40.878314971923835,2.5029067993164134,0
38.929195,41.2127342224121,2.283538818359368,0
39.9069,41.12853240966797,1.2216339111328125,0
40.57248,40.99241256713867,0.4199333190917969,1
41.16476,40.82814025878906,0.3366203308105469,1
41.693405,40.21091079711915,1.4824943542480398,0
41.7932,39.6805305480957,2.1126708984375,0
41.59497,40.154590606689446,1.440380096435554,0
41.418186,39.93164825439453,1.4865379333496094,0
41.0095,39.8917350769043,1.1177635192871094,0
40.623337,40.63335037231445,0.010013580322265625,1
40.710484,41.06046676635742,0.34998321533203125,1
40.832726,41.06282043457031,0.23009490966796875,1
40.805973,40.856300354003906,0.050327301025390625,1
40.416626,40.61691665649415,0.20029067993164773,1
39.892864,39.774406433105476,0.11845779418944602,1
38.806244,40.33061218261719,1.5243682861328125,0
38.326836,40.14285659790039,1.8160209655761719,0
37.95588,39.849491119384766,1.8936119079589844,0
37.745243,39.81195068359375,2.0667076110839844,0
37.847492,39.66409683227539,1.8166046142578125,0
38.04847,39.73685073852539,1.6883811950683594,0
38.049015,39.74857711791992,1.6995620727539062,0
38.19658,40.523048400878906,2.3264694213867188,0
38.487137,40.2953987121582,1.8082618713378906,0
38.506165,40.429161071777344,1.9229965209960938,0
38.290752,40.417442321777344,2.126689910888672,0
38.180252,40.82814025878906,2.64788818359375,0
38.11533,41.40311813354492,3.2877883911132812,0
38.600452,40.9619026184082,2.3614501953125,0
39.208748,40.917320251464844,1.7085723876953125,0
39.466858,41.072200775146484,1.6053428649902344,0
39.925434,41.072200775146484,1.1467666625976562,0
40.587173,40.03021240234375,0.5569610595703125,1
40.12956,40.03725051879883,0.09230804443359375,1
40.103863,40.14988708496094,0.046024322509765625,1
40.15491,39.715721130371094,0.4391899108886719,1
39.82687,40.42682647705078,0.5999565124511719,1
39.584526,40.41978073120117,0.8352546691894531,1
39.446346,40.60752868652344,1.1611824035644531,0
39.476543,41.06985855102539,1.5933151245117188,0
39.675102,40.917320251464844,1.242218017578125,0
39.63285,40.91261672973633,1.2797660827636719,0
39.30136,40.903236389160156,1.6018753051757812,0
39.250923,41.13557815551758,1.8846549987792969,0
39.440002,41.56035614013672,2.1203536987304688,0
39.606472,41.34914779663085,1.742675781249993,0
39.562794,42.032066345214844,2.4692726135253906,0
40.43966,42.06961441040038,1.6299552917480398,0
41.142696,41.88187789916992,0.7391815185546875,1
41.495876,41.53923797607422,0.043361663818359375,1
41.95549,41.54861068725585,0.40687942504883523,1
41.973637,40.88682174682617,1.0868148803710938,0
41.213924,40.15693283081055,1.0569915771484375,0
40.346718,40.250816345214844,0.0959014892578125,1
39.518032,39.41768264770508,0.10034942626953125,1
38.49714,39.18533706665039,0.6881980895996094,1
37.76408,39.293296813964844,1.5292167663574219,0
37.46622,39.37544250488281,1.9092216491699219,0
36.928913,37.66693878173828,0.7380256652832031,1
35.48053,36.72584533691406,1.2453155517578125,0
34.577965,38.26069259643555,3.682727813720703,0
34.25621,37.44162368774414,3.185413360595703,0
34.082363,36.41136169433594,2.328998565673828,0
33.786083,36.85673141479492,3.070648193359375,0
33.47085,38.34126663208008,4.870414733886719,0
33.688046,38.72536849975586,5.037322998046875,0
34.311157,39.439369201660156,5.128211975097656,0
34.84257,40.763668060302734,5.9210968017578125,0
35.286217,40.63170623779296,5.345489501953118,0
35.88137,40.49504470825195,4.613674163818359,0
36.40466,40.31122970581054,3.9065704345703054,0
36.68583,40.64820098876953,3.962371826171875,0
37.037888,41.355125427246094,4.317237854003906,0
37.752007,42.172813415527344,4.420806884765625,0
38.612118,42.03613281250001,3.4240150451660227,0
39.076862,41.972511291503906,2.895648956298828,0
39.786297,41.2373046875,1.4510078430175781,0
40.32738,41.522438049316406,1.1950569152832031,0
40.949482,41.666175842285156,0.7166938781738281,1
41.445038,41.630828857421875,0.185791015625,1
41.86085,41.24438095092773,0.6164703369140696,1
41.73475,41.69445037841796,0.040298461914069605,1
41.553284,42.41080856323242,0.8575248718261719,1
41.61034,42.820831298828125,1.2104911804199219,0
41.863876,42.408451080322266,0.5445747375488281,1
41.975822,42.047908782958984,0.07208633422851562,1
41.875572,42.09739303588867,0.22182083129882812,1
41.73033,41.94894790649414,0.21861648559570312,1
40.966133,41.30799865722656,0.34186553955078125,1
40.32878,41.293861389160156,0.9650802612304688,1
40.07726,40.35836791992188,0.281108856201179,1
39.543583,39.788116455078125,0.24453353881835938,1
38.806313,38.866764068603516,0.060451507568359375,1
38.00857,40.71183776855469,2.703266143798828,0
38.117886,39.66791915893555,1.5500335693359375,0
37.971104,39.229637145996094,1.2585334777832031,0
37.648617,39.535980224609375,1.8873634338378906,0
37.31494,39.27676773071289,1.9618263244628906,0
36.875458,39.67970657348633,2.804248809814453,0
36.81553,40.43848419189454,3.622955322265632,0
36.94314,40.71889495849609,3.775756835937493,0
37.17966,39.677356719970696,2.4976959228515554,0
37.053844,40.07087707519531,3.0170326232910156,0
37.2362,40.8249397277832,3.5887413024902344,0
37.50641,40.63406753540039,3.1276588439941406,0
37.9254,41.0346565246582,3.1092567443847656,0
38.4304,41.17368698120117,2.7432861328125,0
39.06183,41.43053436279297,2.3687057495117188,0
39.25246,42.00078582763672,2.7483253479003906,0
39.882225,41.90652847290039,2.024303436279297,0
40.615498,40.71889495849609,0.10339736938475852,1
40.397346,39.050559997558594,1.3467864990234375,0
39.415314,38.93745040893555,0.4778633117675781,1
39.014416,38.395469665527344,0.6189460754394531,1
38.363064,38.56277847290039,0.19971466064453125,1
37.92294,38.697086334228516,0.7741470336914062,1
37.85271,38.24937057495117,0.39665985107421875,1
37.429863,38.94214630126953,1.5122833251953125,0
37.00361,39.847023010253906,2.843414306640625,0
36.852463,41.60727310180664,4.754810333251953,0
36.875057,41.68266677856445,4.807609558105469,0
37.33354,43.318023681640625,5.9844818115234375,0
37.583786,43.63142395019531,6.047637939453125,0
37.96119,43.841144561767585,5.879955291748054,0
38.50633,44.14983367919922,5.643505096435547,0
39.378452,44.78135681152344,5.402904510498047,0
40.700665,44.61104965209961,3.9103851318359375,0
41.771732,44.50695037841797,2.735218048095703,0
42.980354,44.10246658325195,1.1221122741699219,0
43.72789,44.51405334472657,0.7861633300781321,1
44.507492,44.23255920410156,0.274932861328125,1
45.3092,44.07170486450195,1.2374954223632812,0
45.86376,44.38395690917969,1.4798049926757812,0
46.32468,44.27277374267578,2.0519065856933594,0
46.458652,44.556636810302734,1.9020156860351562,0
46.592205,44.50695037841797,2.085254669189453,0
46.18481,44.608680725097656,1.5761299133300781,0
45.93015,44.44782638549805,1.4823226928710938,0
45.44188,44.353206634521484,1.0886726379394531,0
44.923714,44.20417404174805,0.7195396423339844,1
43.832138,45.0013427734375,1.1692047119140625,0
43.785812,45.377464294433594,1.5916519165039062,0
43.938934,45.72756576538086,1.7886314392089844,0
44.60558,45.886051177978516,1.2804718017578125,0
45.045883,45.76303482055664,0.7171516418457031,1
45.565132,45.34671020507813,0.21842193603514914,1
45.66293,45.23553466796874,0.4273948669433665,1
45.67637,45.483917236328125,0.19245147705078125,1
45.930042,45.11016464233398,0.8198776245117259,1
45.625988,45.133827209472656,0.4921607971191406,1
45.48111,44.67018127441406,0.8109283447265625,1
44.378918,44.64653015136719,0.2676124572753906,1
44.36953,43.92504882812501,0.44448089599608664,1
43.734238,44.11664962768555,0.3824119567871094,1
43.666344,43.87064743041992,0.20430374145507812,1
42.940147,43.74291229248047,0.802764892578125,1
42.073982,43.09238815307617,1.0184059143066406,0
40.914783,43.62699508666992,2.7122116088867188,0
40.444,43.56312942504883,3.119129180908203,0
40.0505,43.88010787963867,3.829608917236328,0
40.180607,43.78784942626953,3.6072425842285156,0
40.169304,44.277503967285156,4.1082000732421875,0
40.376465,43.50635528564453,3.1298904418945312,0
40.440224,43.8564453125,3.4162216186523438,0
40.5995,44.46438217163086,3.8648834228515625,0
41.10522,45.0817756652832,3.9765548706054688,0
41.66119,45.02737426757812,3.3661842346191335,0
42.42399,44.44309997558594,2.0191116333007812,0
42.631523,45.18822860717773,2.5567054748535085,0
43.15811,45.25920867919922,2.1010971069335938,0
43.714207,45.15983581542969,1.4456291198730469,0
44.385242,45.28757858276367,0.9023361206054688,1
44.803894,45.039196014404304,0.23530197143555398,1
45.039696,45.3892936706543,0.3495979309082031,1
45.192894,45.285221099853516,0.09232711791992188,1
45.320675,45.3254280090332,0.00475311279296875,1
45.365246,45.654232025146484,0.2889862060546875,1
45.98124,46.08474349975586,0.10350418090820312,1
46.52153,45.940460205078125,0.5810699462890625,1
46.641125,45.17639923095703,1.4647254943847656,0
45.913494,44.92330169677735,0.990192413330071,1
45.34242,45.01317596435547,0.3292427062988281,1
44.981464,47.66490936279296,2.6834449768066335,0
44.897366,49.0581932067871,4.160827636718743,0
45.197803,49.20011520385742,4.002311706542969,0
45.98662,49.45559310913087,3.4689712524414134,0
46.770737,48.991943359375,2.2212066650390625,0
47.33843,49.025081634521484,1.6866531372070312,0
47.85422,49.410648345947266,1.556427001953125,0
48.411087,49.26347351074219,0.852386474609375,1
48.814213,49.58156204223633,0.7673492431640625,1
49.177044,49.79046630859375,0.6134223937988281,1
49.577557,49.90676879882813,0.32921218872071023,1
49.90338,50.63790512084961,0.7345237731933594,1
50.7477,51.64913558959961,0.9014358520507812,1
51.581497,51.14590835571289,0.4355888366699219,1
52.161552,51.04619598388672,1.1153564453125,0
52.395905,51.04857635498047,1.3473281860351562,0
52.44342,51.15303421020508,1.2903861999511719,0
52.51489,51.31206512451172,1.2028236389160156,0
52.586437,51.734603881835945,0.8518333435058523,1
53.16315,52.15239334106445,1.0107574462890625,0
53.686478,52.93099594116211,0.7554817199707031,1
54.148533,53.41762924194336,0.7309036254882812,1
54.38913,54.03480911254883,0.3543205261230469,1
54.789085,54.208106994628906,0.5809783935546875,1
55.4361,53.854408264160156,1.5816917419433594,0
55.612953,52.95949172973633,2.653461456298828,0
55.09963,52.532196044921875,2.567432403564453,0
54.15466,51.82718276977539,2.3274765014648438,0
53.325523,53.13752365112304,0.18799972534180398,1
53.2139,52.47761154174805,0.7362899780273438,1
52.634396,53.745216369628906,1.1108207702636719,0
52.646248,53.13514709472656,0.48889923095703125,1
52.60211,51.72036361694336,0.8817481994628906,1
52.03307,51.80581283569336,0.22725677490234375,1
51.64502,51.836669921875,0.191650390625,1
51.213146,52.23073196411132,1.0175857543945241,0
50.859344,51.66813659667968,0.8087921142578054,1
49.13966,52.41114044189453,3.2714805603027344,0
49.160446,52.74347686767578,3.5830307006835938,0
49.261616,52.32331085205078,3.061695098876953,0
49.45715,53.39863204956055,3.9414825439453125,0
49.880726,53.58616256713867,3.7054367065429688,0
50.580635,53.94698715209961,3.366352081298828,0
50.905205,54.4265022277832,3.5212974548339844,0
51.51062,55.088775634765625,3.578155517578125,0
51.785694,54.12027359008789,2.3345794677734375,0
51.848064,53.24195861816406,1.3938941955566406,0
52.091515,53.118537902832024,1.0270233154296804,0
52.28775,53.854408264160156,1.5666580200195312,0
52.68442,51.35954284667969,1.3248786926269531,0
51.93936,50.90614700317383,1.0332145690917969,0
51.24469,52.72447204589844,1.4797821044921875,0
51.15645,51.5969123840332,0.4404640197753906,1
50.917393,52.73397445678711,1.8165817260742188,0
51.064217,52.5060806274414,1.441864013671868,0
51.01711,51.27882766723633,0.26171875,1
50.567394,52.059810638427734,1.4924163818359375,0
50.29252,52.37791061401367,2.0853919982910156,0
50.081993,52.87165451049805,2.789661407470703,0
49.688766,51.058074951171875,1.3693084716796875,0
49.210632,52.17613601684571,2.9655036926269602,0
49.326885,51.345298767089844,2.018413543701172,0
48.981506,50.38153839111329,1.4000320434570384,0
48.473953,50.633155822753906,2.1592025756835938,0
48.599617,51.952999114990234,3.353382110595703,0
48.938553,52.75059127807617,3.8120384216308594,0
48.706394,49.25161361694336,0.5452194213867188,1
47.65796,47.85343933105469,0.1954803466796875,1
46.869366,48.370933532714844,1.5015678405761719,0
46.834244,49.837928771972656,3.0036849975585938,0
47.088192,49.66404724121093,2.575855255126946,0
47.232536,48.70644760131835,1.4739112854003835,0
46.995888,46.25290298461914,0.7429847717285156,1
46.185818,45.790775299072266,0.39504241943359375,1
45.694427,44.497310638427734,1.1971168518066406,0
44.686543,45.59544372558594,0.9089012145996094,1
44.336338,46.10044479370117,1.7641067504882812,0
44.27558,44.27339553833008,0.002185821533203125,1
43.859997,42.158103942871094,1.7018928527832031,0
42.708973,42.110450744628906,0.5985221862792969,1
42.155033,41.04090118408203,1.1141319274902344,0
41.81058,41.59592819213867,0.21465301513671875,1
41.330357,41.50541305541992,0.17505645751953125,1
40.831543,43.10140609741211,2.2698631286621094,0
40.308918,42.770301818847656,2.461383819580078,0
39.86634,42.53923416137695,2.672893524169922,0
39.51704,44.02566146850586,4.5086212158203125,0
39.695297,42.08903121948242,2.3937339782714844,0
39.566223,41.619747161865234,2.0535240173339844,0
39.484535,40.13572311401367,0.6511878967285156,1
39.00365,40.40013122558594,1.3964805603027344,0
38.24784,40.1690673828125,1.9212265014648438,0
37.99045,40.28102493286132,2.2905731201171804,0
38.175785,40.721702575683594,2.545917510986328,0
38.40979,39.418704986572266,1.0089149475097656,0
38.38445,39.05187225341797,0.6674232482910156,1
38.112038,39.55924606323242,1.4472084045410156,0
38.150608,38.32533264160156,0.17472457885742188,1
37.36024,37.35820770263672,0.002033233642578125,1
36.476322,35.90513229370117,0.5711898803710938,1
35.24712,34.97612762451172,0.2709922790527344,1
34.667255,37.43919372558594,2.7719383239746094,0
34.51791,37.19622802734375,2.6783180236816406,0
34.439175,37.21528625488281,2.776111602783203,0
34.631866,37.574974060058594,2.9431076049804688,0
34.823112,37.61785125732422,2.79473876953125,0
34.921005,33.87084197998047,1.0501632690429688,0
33.811165,35.316768646240234,1.5056037902832031,0
33.602623,35.2381477355957,1.6355247497558594,0
33.4675,35.90989685058594,2.4423980712890625,0
33.632866,36.51971435546875,2.8868484497070312,0
33.64242,36.636436462402344,2.9940147399902344,0
33.89327,36.276737213134766,2.3834686279296875,0
34.221268,35.73124313354492,1.5099754333496094,0
34.483795,36.46255111694336,1.9787559509277344,0
34.989895,36.907989501953125,1.9180946350097656,0
34.96541,37.12713623046875,2.1617279052734375,0
35.055424,37.35582733154297,2.300403594970703,0
35.08869,36.51732635498047,1.4286346435546875,0
34.928276,36.66501235961914,1.7367362976074219,0
34.92355,36.3744010925293,1.4508514404296875,0
35.74464,37.579734802246094,1.8350944519042969,0
36.181873,37.23194885253906,1.0500755310058594,0
36.54923,36.846046447753906,0.2968177795410156,1
36.319878,39.36392593383789,3.044048309326172,0
36.297646,39.64738082885742,3.3497352600097656,0
36.619183,39.66643905639649,3.0472564697265696,0
37.100693,40.79316711425781,3.692474365234375,0
37.847797,41.49111557006837,3.6433181762695384,0
38.393673,41.50541305541992,3.1117401123046875,0
38.953022,40.71932601928711,1.7663040161132812,0
39.07295,40.76716232299805,1.6942138671875,0
39.333878,40.5327262878418,1.1988487243652344,0
39.835854,40.881996154785156,1.046142578125,0
40.280045,40.712154388427734,0.4321098327636719,1
40.736492,40.8604736328125,0.12398147583007812,1
41.00897,40.76956558227539,0.23940277099609375,1
41.35501,40.89157104492187,0.4634399414062571,1
41.976738,41.15472030639648,0.8220176696777415,1
41.942535,40.92267608642578,1.0198593139648438,0
41.882362,41.379600524902344,0.5027618408203125,1
41.977367,41.681026458740234,0.2963409423828125,1
41.745335,41.7049560546875,0.040378570556640625,1
41.350567,41.83413314819336,0.4835662841796875,1
40.973076,41.42266082763672,0.4495849609375,1
40.988155,41.858055114746094,0.8698997497558594,1
41.22104,42.06858825683594,0.8475494384765625,1
41.66939,41.99202728271485,0.32263565063477273,1
41.94185,41.75041580200195,0.19143295288085938,1
42.091297,41.267169952392585,0.8241271972656179,1
41.720394,41.36524963378906,0.3551445007324219,1
41.598812,42.7982292175293,1.1994171142578125,0
41.862045,43.279090881347656,1.4170455932617188,0
42.127583,43.47047424316406,1.3428916931152344,0
42.57324,43.95371246337891,1.380474090576179,0
43.064583,44.52546691894531,1.4608840942382812,0
43.28466,44.98000717163086,1.6953468322753906,0
43.796024,44.623565673828125,0.8275413513183594,1
43.898743,45.01349639892578,1.1147537231445312,0
44.357388,46.67137145996094,2.313983917236328,0
44.58876,45.70487594604492,1.1161155700683594,0
44.510178,45.152252197265625,0.6420745849609375,1
44.30239,44.685752868652344,0.38336181640625,1
44.02482,45.087669372558594,1.0628509521484375,0
44.43104,45.1474723815918,0.7164306640625,1
44.91147,45.44171905517578,0.5302505493164062,1
45.1012,45.750335693359375,0.6491355895996094,1
45.211655,46.4153938293457,1.2037391662597656,0
45.527195,46.73356628417969,1.2063713073730469,0
45.77252,46.814899444580085,1.0423812866211009,0
45.983192,47.12830352783203,1.145111083984375,0
46.168377,47.869903564453125,1.7015266418457031,0
46.545475,47.72636413574219,1.1808891296386719,0
46.586178,47.994308471679695,1.4081306457519602,0
46.560978,47.594791412353516,1.0338134765625,0
46.890903,47.57566452026367,0.6847610473632812,1
47.4256,47.661773681640625,0.236175537109375,1
48.474674,47.66656494140625,0.8081092834472656,1
49.11154,48.59477233886719,0.5167694091796875,1
49.767624,48.76941680908203,0.9982070922851562,1
50.39577,48.9296989440918,1.4660720825195312,0
50.995827,49.63542175292969,1.3604049682617188,0
51.455013,49.55887222290039,1.8961410522460938,0
51.84443,49.1091194152832,2.735309600830078,0
51.754387,48.87467956542969,2.8797073364257812,0
51.46183,48.94882583618163,2.5130043029785227,0
50.951252,48.00627136230469,2.9449806213378906,0
49.644005,50.362678527832024,0.7186737060546804,1
49.088078,50.03493118286133,0.9468536376953125,1
49.249752,50.65693283081055,1.4071807861328125,0
49.70275,49.874652862548835,0.17190170288086648,1
49.558533,48.530193328857415,1.0283393859863352,0
48.97931,48.53974533081055,0.4395637512207031,1
48.545403,48.01823425292969,0.5271682739257812,1
47.881588,47.353012084960945,0.5285758972167898,1
47.09279,44.60087585449219,2.491912841796875,0
45.60221,45.30692672729492,0.2952842712402344,1
44.985516,45.84966278076172,0.8641471862792969,1
44.771393,45.64793395996094,0.8765411376953125,1
44.463043,45.38858795166015,0.9255447387695241,1
44.155315,43.969280242919915,0.1860351562500071,1
43.729717,44.81221389770508,1.0824966430664062,0
43.139206,43.89483642578125,0.7556304931640625,1
42.547794,43.14557647705078,0.5977821350097656,1
41.694386,42.979862213134766,1.2854766845703125,0
41.212307,42.80214309692383,1.5898361206054688,0
40.774746,42.598026275634766,1.8232803344726562,0
40.343468,42.81895446777344,2.4754867553710938,0
40.161522,42.04327392578125,1.8817520141601562,0
39.839615,41.618202209472656,1.7785873413085938,0
39.627277,43.140762329101555,3.5134849548339773,0
39.809475,43.83719253540039,4.027717590332031,0
39.936356,44.480804443359375,4.5444488525390625,0
40.30469,45.664741516113274,5.3600502014160085,0
40.73281,46.24832534790038,5.51551437377929,0
41.567486,46.78385925292969,5.216373443603516,0
42.125248,46.63496398925781,4.509716033935547,0
42.951946,46.62534713745117,3.67340087890625,0
43.830273,46.28672790527344,2.4564552307128906,0
44.51654,46.56291580200195,2.046375274658203,0
45.2788,47.65800094604492,2.379199981689453,0
45.95771,47.51871871948242,1.5610084533691406,0
46.565254,47.90055847167969,1.3353042602539062,0
47.497856,47.73724365234375,0.23938751220703125,1
48.003006,47.68922805786133,0.3137779235839844,1
48.844326,46.966373443603516,1.8779525756835938,0
48.948105,47.98221206665039,0.9658927917480469,1
49.102505,47.96780014038086,1.13470458984375,0
49.10859,47.53071975708008,1.5778694152832031,0
48.564465,48.4024658203125,0.16199874877929688,1
48.37126,48.685848236083984,0.3145866394042969,1
48.568165,49.089298248291016,0.5211334228515625,1
48.941753,49.04608154296875,0.10432815551757812,1
49.337776,48.0350341796875,1.3027420043945312,0
48.992565,48.328033447265625,0.6645317077636719,1
48.619644,48.80592346191406,0.186279296875,1
48.606434,48.450504302978516,0.1559295654296875,1
48.29632,48.822734832763665,0.5264129638671804,1
48.3202,49.281425476074226,0.961223602294929,1
48.508762,49.110923767089844,0.6021614074707031,1
48.93422,48.83475112915039,0.09946823120117188,1
48.901936,49.38948440551758,0.487548828125,1
49.02784,48.652225494384766,0.3756141662597656,1
48.971123,49.76412963867188,0.7930068969726634,1
49.004055,50.153175354003906,1.1491203308105469,0
49.143883,50.11234664916992,0.9684638977050781,1
49.19312,49.716102600097656,0.5229835510253906,1
49.13098,49.88901138305664,0.7580299377441406,1
49.54246,50.35490798950195,0.8124465942382812,1
49.85588,50.138763427734375,0.2828826904296875,1
49.688114,51.16181182861329,1.4736976623535227,0
49.47224,50.05471420288086,0.5824737548828125,1
49.01413,48.99565124511719,0.0184783935546875,1
48.404716,46.43082809448242,1.9738883972167969,0
47.22572,47.309795379638665,0.0840759277343679,1
46.87467,47.79970169067383,0.9250335693359375,1
46.574924,48.853961944580085,2.2790374755859446,0
46.814465,48.451374053955085,1.6369094848632884,0
46.693295,48.32843780517578,1.6351432800292969,0
46.518154,50.375064849853516,3.8569107055664062,0
46.429287,48.87565994262695,2.4463729858398438,0
46.34298,48.63218688964843,2.2892074584960866,0
46.333622,49.779640197753906,3.4460182189941406,0
46.418674,50.70774841308594,4.289073944091797,0
46.710358,50.710151672363274,3.999794006347649,0
46.72642,51.25977325439453,4.533351898193359,0
47.121323,51.21638107299805,4.095058441162109,0
47.623184,48.8491439819336,1.2259597778320384,0
47.689392,49.77722549438477,2.0878334045410227,0
48.143837,49.215545654296875,1.0717086791992188,0
48.290806,49.54581069946289,1.2550048828125,0
48.469036,50.38470458984375,1.9156684875488281,0
48.777363,50.31962585449219,1.5422630310058594,0
49.056797,49.58679580688476,0.5299987792968679,1
48.740196,50.428096771240234,1.6879005432128906,0
49.081528,51.4140510559082,2.3325233459472656,0
49.519108,51.409236907958984,1.8901290893554688,0
49.757656,51.628604888916016,1.8709487915039062,0
49.68213,52.238487243652344,2.5563583374023438,0
49.7224,53.89942169189453,4.177021026611328,0
49.78312,53.77888488769531,3.9957656860351562,0
50.0489,52.73266601562499,2.683765411376946,0
50.58924,53.00989532470703,2.420654296875,0
51.264397,53.20273971557617,1.9383430480957031,0
52.152992,53.701751708984375,1.5487594604492188,0
52.81602,53.26543045043945,0.44940948486328125,1
53.13035,52.486778259277344,0.6435699462890625,1
52.580807,52.725440979003906,0.14463424682617188,1
53.19001,52.4747314453125,0.7152786254882812,1
53.14823,53.282291412353516,0.13405990600585938,1
53.306347,53.00748062133789,0.29886627197265625,1
53.39329,52.749542236328125,0.6437492370605469,1
53.224827,53.99101638793945,0.7661895751953125,1
53.2835,54.14048385620117,0.8569831848144531,1
52.7636,52.783287048339844,0.019687652587890625,1
52.00984,53.23168182373047,1.2218437194824219,0
51.991966,54.72385025024414,2.731884002685547,0
52.180065,54.73590850830079,2.5558433532714915,0
52.38311,54.09467315673828,1.7115631103515625,0
52.280094,54.728675842285156,2.4485816955566406,0
52.675945,55.466331481933594,2.790386199951172,0
53.25724,56.941646575927734,3.684406280517578,0
53.744656,56.85968017578124,3.1150245666503835,0
54.565353,56.72710418701171,2.161750793457024,0
55.1142,56.498088836669915,1.3838882446288991,0
55.690865,56.717445373535156,1.026580810546875,0
56.36771,56.98985290527344,0.6221427917480469,1
56.653343,57.97821044921875,1.3248672485351562,0
57.148403,57.84563064575195,0.6972274780273438,1
58.20465,58.621849060058594,0.41719818115234375,1
59.17057,58.71827697753906,0.45229339599609375,1
59.870956,59.44147109985351,0.429485321044929,1
60.58725,60.03688430786133,0.5503654479980469,1
61.594273,58.648372650146484,2.9458999633789062,0
61.377567,58.64113998413086,2.7364273071289062,0
61.255802,59.96698760986328,1.2888145446777344,0
61.09624,61.66889953613281,0.5726585388183594,1
61.309994,62.07389450073243,0.7639007568359446,1
61.87673,61.98469161987305,0.10795974731445312,1
62.571575,62.01120376586914,0.5603713989257812,1
63.2076,62.726890563964844,0.4807090759277344,1
63.776237,62.898582458496094,0.877655029296875,1
64.33851,63.39664840698242,0.9418601989746094,1
64.94406,63.3386116027832,1.6054496765136719,0
65.3594,63.945499420166016,1.4138984680175781,0
65.77768,63.50304794311523,2.2746315002441477,0
65.92384,64.25741577148438,1.6664276123046875,0
66.094124,64.58140563964844,1.5127182006835938,0
67.21068,64.38555145263672,2.8251266479492188,0
68.08582,63.63602066040039,4.449802398681641,0
68.0951,63.350723266601555,4.744377136230476,0
67.51057,63.29509353637695,4.215473175048828,0
67.16472,64.40489196777344,2.75982666015625,0
67.23283,63.90199661254883,3.330829620361328,0
66.936,64.76036071777344,2.1756362915039062,0
66.98498,64.61768341064453,2.3672943115234375,0
67.009834,63.87054443359376,3.139289855957024,0
66.35115,62.731731414794915,3.6194190979003977,0
65.41316,63.28543472290039,2.127727508544922,0
64.87555,64.2138900756836,0.6616592407226562,1
64.83575,65.45425415039062,0.6185073852539062,1
64.80861,64.53788757324219,0.270721435546875,1
64.3656,64.91508483886719,0.5494842529296875,1
64.36714,65.4687728881836,1.1016311645507812,0
64.777954,65.6355972290039,0.8576431274414062,1
65.00302,66.52779388427734,1.5247726440429688,0
65.458015,67.66661834716797,2.2086029052734375,0
65.8927,67.79960632324219,1.9069061279296875,0
66.560005,67.63758850097656,1.0775833129882812,0
66.9091,67.7052993774414,0.7961959838867188,1
67.39381,67.56505584716797,0.1712493896484375,1
67.28105,68.66761779785156,1.386566162109375,0
68.82231,68.7328872680664,0.08942413330078125,1
70.22487,70.09658813476562,0.1282806396484375,1
71.28354,70.06999206542969,1.2135467529296875,0
71.82326,70.48583984375,1.3374176025390625,0
73.040726,71.0008544921875,2.0398712158203125,0
74.26736,72.62083435058594,1.6465225219726562,0
75.21526,71.91482543945312,3.3004379272460938,0
75.57648,72.48783874511719,3.0886383056640625,0
76.06567,72.14694213867188,3.9187240600585938,0
76.21294,73.3075180053711,2.9054183959960938,0
76.44222,74.86463165283203,1.5775909423828125,0
76.78142,75.03388214111328,1.7475357055664062,0
77.311615,76.63693237304688,0.6746826171875,1
78.110695,75.60205078125,2.5086441040039062,0
78.161415,75.278076171875,2.8833389282226562,0
78.40209,76.22105407714844,2.1810379028320312,0
78.696335,77.06488800048828,1.6314468383789062,0
79.00936,76.5426254272461,2.46673583984375,0
79.26832,76.81585693359375,2.4524612426757812,0
79.59187,77.18578338623047,2.4060897827148438,0
79.759155,76.96334838867188,2.795806884765625,0
79.99203,74.7002182006836,5.29180908203125,0
79.31365,76.81342315673828,2.5002288818359375,0
79.319954,78.42130279541016,0.898651123046875,1
79.203224,78.30767059326172,0.8955535888671875,1
79.35557,74.83560180664062,4.519966125488281,0
78.37631,74.63008880615234,3.7462234497070312,0
77.427,77.0938949584961,0.33310699462890625,1
77.48328,77.72256469726562,0.239288330078125,1
77.77125,78.63165283203125,0.8604049682617188,1
78.10969,77.5628433227539,0.546844482421875,1
78.03564,77.93123626708984,0.104400634765625,1
78.21212,77.4610595703125,0.7510604858398438,1
78.302345,79.30059051513672,0.9982452392578125,1
78.53782,78.73587799072266,0.19805908203125,1
78.78501,78.7552719116211,0.0297393798828125,1
79.52855,77.31321716308594,2.21533203125,0
79.20053,78.43290710449219,0.7676239013671875,1
79.17283,77.62828063964844,1.5445480346679688,0
78.96586,75.87116241455078,3.094696044921875,0
79.01287,72.26727294921875,6.745597839355469,0
78.042015,69.81941986083984,8.22259521484375,0
76.43671,70.92700958251953,5.509696960449219,0
75.33293,66.29063415527344,9.04229736328125,0
73.23306,66.25186157226562,6.981201171875,0
71.07788,72.41995239257812,1.342071533203125,0
70.54246,70.11995697021484,0.4225006103515625,1
69.90124,73.37242126464844,3.4711837768554688,0
69.91017,70.992431640625,1.0822601318359375,0
69.79247,70.0496597290039,0.2571868896484375,1
69.34903,64.50927734375,4.839752197265625,0
68.352264,69.15532684326172,0.8030624389648438,1
67.74532,66.75352478027344,0.9917984008789062,1
67.12263,60.161319732666016,6.961307525634766,0
65.496666,67.369140625,1.8724746704101562,0
64.97775,58.70231628417969,6.2754364013671875,0
64.28406,61.28346252441406,3.0005950927734375,0
63.65115,59.783241271972656,3.867908477783203,0
63.253452,59.32518768310547,3.928264617919922,0
62.90961,55.55888748168945,7.3507232666015625,0
61.348938,54.37858581542969,6.9703521728515625,0
60.254677,59.83412551879883,0.4205513000488281,1
59.478775,59.5045280456543,0.025753021240234375,1
58.6641,62.63583755493163,3.9717369079589773,0
58.312756,60.042572021484375,1.7298164367675781,0
58.237152,61.756050109863274,3.518898010253899,0
58.02911,61.63003158569336,3.600921630859375,0
57.74929,58.38723373413086,0.6379432678222656,1
57.73948,59.36151885986328,1.622039794921875,0
57.20207,58.5084228515625,1.3063545227050781,0
57.4376,63.6125373840332,6.174938201904297,0
57.491154,62.87575912475586,5.384605407714844,0
57.64343,64.48506164550781,6.841632843017578,0
58.115852,64.95037078857422,6.8345184326171875,0
59.049435,66.2252197265625,7.175785064697266,0
60.294582,69.56978607177734,9.275203704833984,0
61.025105,68.9347915649414,7.909687042236328,0
62.024837,69.48252868652344,7.457691192626953,0
62.615276,68.53974914550781,5.924472808837891,0
63.231457,67.1170654296875,3.885608673095703,0
63.8339,65.04247283935547,1.2085723876953125,0
63.867035,66.91592407226562,3.04888916015625,0
64.960785,66.6565933227539,1.6958084106445312,0
65.747246,68.58094787597656,2.8337020874023438,0
66.828,68.62943267822266,1.8014297485351562,0
67.39222,67.5169906616211,0.1247711181640625,1
67.89255,69.73460388183594,1.8420562744140625,0
68.32619,71.20570373535156,2.8795166015625,0
68.66845,70.0593490600586,1.390899658203125,0
68.43413,71.05061340332031,2.616485595703125,0
68.498474,72.11700439453125,3.6185302734375,0
68.76275,72.86102294921875,4.098274230957031,0
69.079666,73.61477661132812,4.5351104736328125,0
69.80299,75.36693572998047,5.563941955566406,0
70.87257,76.5528793334961,5.6803131103515625,0
72.43739,75.67801666259766,3.2406234741210938,0
73.39355,74.76425170898438,1.3707046508789062,0
73.97154,75.22358703613281,1.252044677734375,0
74.60621,74.77886199951172,0.1726531982421875,1
75.039375,76.54071044921875,1.5013351440429688,0
76.114105,76.09842681884766,0.01567840576171875,1
76.87827,77.57840728759766,0.70013427734375,1
77.554985,77.0000228881836,0.554962158203125,1
78.412056,77.49578094482422,0.9162750244140625,1
79.23194,76.97086334228516,2.261077880859375,0
79.47674,77.30623626708984,2.170501708984375,0
79.77302,77.34024047851562,2.4327774047851562,0
79.86173,77.26490783691406,2.5968246459960938,0
79.53546,78.21510314941406,1.3203582763671875,0
79.60245,78.57720947265625,1.025238037109375,0
80.048874,79.00978088378905,1.0390930175781392,0
80.876816,78.32933044433594,2.5474853515625,0
81.27538,80.56021118164062,0.7151718139648438,1
82.00809,81.03652954101562,0.9715576171875,1
82.67453,83.59552001953125,0.920989990234375,1
83.55444,85.74622344970703,2.1917800903320312,0
84.34237,81.62947845458984,2.712890625,0
83.83178,82.33423614501953,1.4975433349609375,0
83.58454,83.35247802734375,0.23206329345703125,1
83.97343,85.56153106689453,1.588104248046875,0
84.428795,85.44245147705078,1.0136566162109375,0
85.13044,85.47647857666016,0.346038818359375,1
85.9057,84.98799133300781,0.9177093505859375,1
85.69459,87.21160125732422,1.5170135498046875,0
86.46723,89.07311248779297,2.6058807373046875,0
86.93808,87.50077819824219,0.5626983642578125,1
87.40951,88.6624298095703,1.2529220581054545,0
88.077866,85.93820190429688,2.1396636962890625,0
87.890526,87.91878509521486,0.02825927734376421,1
88.14075,88.65269470214844,0.5119476318359375,1
88.17221,88.48501586914062,0.31280517578125,1
89.17257,88.48501586914062,0.6875534057617188,1
89.94888,90.85198211669922,0.9030990600585938,1
90.81587,90.57009887695312,0.2457733154296875,1
91.32162,92.67949676513672,1.357879638671875,0
92.07196,93.07804870605469,1.0060882568359375,0
92.76511,93.2408676147461,0.47576141357421875,1
93.71921,92.81073760986328,0.9084701538085938,1
93.78685,94.34659576416017,0.559745788574233,1
94.02815,94.99544525146484,0.9672927856445312,1
94.86834,93.82654571533203,1.0417938232421875,0
95.33615,93.63699340820312,1.69915771484375,0
96.6874,95.61028289794922,1.077117919921875,0
97.83894,94.29069519042969,3.548248291015625,0
98.2609,94.5555953979492,3.7053070068359517,0
98.8545,90.25174713134767,8.60275268554686,0
97.84979,90.02816772460938,7.821624755859375,0
96.753426,92.161865234375,4.591560363769531,0
96.59872,90.64786529541016,5.9508514404296875,0
95.897514,92.38545989990234,3.512054443359375,0
95.67073,93.50332641601562,2.1674041748046875,0
95.35416,103.2920684814453,7.937911987304673,0
95.357216,105.894775390625,10.537559509277344,0
95.9182,106.60195922851562,10.683761596679688,0
97.10674,106.98834228515624,9.881599426269517,0
98.610504,110.72109985351562,12.110595703125,0
99.88195,108.20378112792969,8.321830749511719,0
100.70058,109.7764892578125,9.075912475585938,0
101.75949,106.51175689697266,4.752265930175781,0
102.468864,110.05160522460939,7.5827407836914205,0
104.065125,111.99925231933594,7.9341278076171875,0
105.497795,111.89942169189453,6.4016265869140625,0
107.039055,111.60726928710938,4.568214416503906,0
108.896774,112.53727722167967,3.640502929687486,0
110.65092,112.67848205566406,2.0275650024414062,0
112.10078,115.17876434326172,3.0779876708984375,0
113.17475,121.11419677734375,7.939445495605469,0
113.543655,122.56278228759766,9.019126892089844,0
114.1354,121.55728149414062,7.421882629394531,0
115.2019,123.21037292480469,8.008476257324219,0
116.279366,121.73745727539062,5.458091735839844,0
117.51953,121.54024505615234,4.020713806152344,0
118.41206,125.6619644165039,7.249900817871094,0
120.0367,130.66741943359375,10.630722045898438,0
121.91472,127.9601821899414,6.045463562011719,0
122.85346,117.71556854248047,5.1378936767578125,0
122.29451,117.7934799194336,4.501029968261719,0
121.764465,109.86656188964844,11.897903442382812,0
121.125656,114.24877166748047,6.876884460449219,0
121.15283,110.51902770996094,10.633804321289062,0
120.73805,109.06803894042969,11.670013427734375,0
119.843994,112.34008026123047,7.503913879394531,0
119.36232,112.51535797119142,6.846961975097642,0
118.745384,109.19461822509764,9.550765991210952,0
117.964584,107.45148468017578,10.513099670410156,0
117.07588,104.04310607910156,13.03277587890625,0
115.60338,107.19828796386719,8.40509033203125,0
114.548225,108.88301849365234,5.6652069091796875,0
113.17582,104.31578826904297,8.860031127929688,0
111.85985,105.38699340820312,6.4728546142578125,0
111.04303,109.34070587158203,1.7023239135742188,0
110.64596,111.95054626464844,1.3045883178710938,0
111.06333,111.10333251953124,0.04000091552732954,1
111.0631,112.77828979492188,1.7151870727539062,0
111.352585,113.73265075683594,2.38006591796875,0
111.93539,110.06132507324217,1.8740615844726705,0
111.616455,113.45024108886719,1.8337860107421875,0
111.822945,110.19768524169922,1.6252593994140625,0
111.72391,112.06739044189453,0.34348297119140625,1
112.26175,111.96030426025389,0.30144500732423296,1
113.111885,113.90792846679689,0.796043395996108,1
113.69968,121.14341735839844,7.4437408447265625,0
114.09732,117.92982482910156,3.8325042724609375,0
114.673874,118.01744842529297,3.3435745239257812,0
115.69911,117.55001068115233,1.850898742675767,0
116.4414,115.90426635742188,0.5371322631835938,1
116.69577,112.94384765625,3.751922607421875,0
116.71095,114.43380737304688,2.2771453857421875,0
116.72572,113.81053161621094,2.915191650390625,0
116.74814,112.71985626220703,4.028282165527344,0
117.00229,112.02845764160155,4.973831176757827,0
116.86629,112.03820037841797,4.828086853027344,0
117.060585,113.54761505126953,3.512969970703125,0
117.273705,108.28897094726562,8.984733581542969,0
116.651505,112.30110931396484,4.350395202636719,0
116.40214,106.01022338867188,10.391914367675781,0
114.53094,105.9225845336914,8.608352661132812,0
113.41871,107.54888153076172,5.8698272705078125,0
112.64068,111.9407958984375,0.6998825073242188,1
112.37785,115.91399383544922,3.5361404418945312,0
112.71418,115.78231048583984,3.0681304931640625,0
113.30754,113.47035217285156,0.162811279296875,1
113.257454,113.12894439697266,0.128509521484375,1
113.32901,116.56269836425783,3.2336883544922017,0
113.88983,116.28958129882812,2.399749755859375,0
114.42403,116.33834075927734,1.9143142700195312,0
114.98188,117.3528823852539,2.371002197265625,0
115.3783,116.46516418457031,1.0868606567382812,0
116.3359,115.13846588134766,1.1974334716796875,0
116.58958,115.73352813720702,0.8560485839843892,1
117.97607,114.46537017822266,3.5106964111328125,0
118.89477,111.06087493896484,7.833892822265625,0
118.77439,112.34854888916016,6.42584228515625,0
118.42482,113.1874771118164,5.237342834472656,0
117.75995,113.73377227783203,4.026176452636719,0
117.449814,116.13349914550781,1.316314697265625,0
117.48202,119.71358489990234,2.2315673828125,0
118.25575,120.06476593017578,1.8090133666992188,0
118.7168,119.92819976806642,1.2114028930664205,0
119.21012,119.25508117675781,0.04496002197265625,1
119.50305,120.71833801269531,1.2152862548828125,0
119.80452,121.33292388916016,1.5284042358398438,0
120.356094,118.79660797119142,1.559486389160142,0
120.47711,120.22083282470705,0.25627899169920454,1
120.88624,119.4111862182617,1.4750518798828267,0
121.30684,118.79660797119142,2.510231018066392,0
122.335815,124.7471694946289,2.4113540649414062,0
123.30127,124.67886352539064,1.3775939941406392,0
124.4034,125.54707336425781,1.1436767578125,0
125.43333,123.5570755004883,1.8762512207031108,0
125.38246,125.08860015869139,0.29386138916017046,1
125.56735,128.649169921875,3.081817626953125,0
125.899765,127.751708984375,1.8519439697265625,0
126.4631,128.73696899414062,2.2738723754882812,0
127.33283,133.34136962890625,6.008537292480469,0
128.09706,131.56593322753906,3.4688720703125,0
128.57727,130.44410705566406,1.8668365478515625,0
129.43758,129.4393310546875,0.0017547607421875,1
129.95995,126.23969268798828,3.7202529907226562,0
129.9899,127.80046844482422,2.1894302368164062,0
130.54526,123.49853515625,7.046722412109375,0
129.71658,127.71271514892578,2.0038681030273438,0
129.78601,128.81500244140625,0.97100830078125,1
129.88516,125.82019805908203,4.064964294433594,0
129.94052,125.64463806152344,4.2958831787109375,0
129.90558,127.68343353271484,2.2221450805664062,0
129.75986,125.751953125,4.007904052734375,0
129.54242,124.02530670166016,5.517112731933594,0
129.00945,124.69838714599608,4.311058044433608,0
128.13513,128.79550170898438,0.660369873046875,1
127.9979,133.5169219970703,5.519020080566406,0
128.36647,135.66305541992188,7.2965850830078125,0
129.00499,139.41873168945312,10.413742065429688,0
130.0586,139.65286254882812,9.594268798828125,0
131.18974,138.57977294921875,7.3900299072265625,0
132.48474,133.73153686523438,1.246795654296875,0
132.70815,128.72723388671875,3.9809112548828125,0
132.23605,130.85382080078125,1.382232666015625,0
132.65764,131.68301391601562,0.9746246337890625,1
133.16327,130.65870666503906,2.5045623779296875,0
133.33188,134.02420043945312,0.69232177734375,1
134.03403,133.60897827148438,0.425048828125,1
134.85457,133.75555419921875,1.0990142822265625,0
135.59941,132.87625122070312,2.7231597900390625,0
135.83862,132.2705535888672,3.5680694580078125,0
135.53816,132.01654052734375,3.5216217041015625,0
135.02783,132.2509765625,2.77685546875,0
134.01996,130.12124633789062,3.898712158203125,0
132.85376,127.82534790039062,5.028411865234375,0
131.68239,126.72142028808595,4.960968017578111,0
130.99199,126.87771606445314,4.114273071289048,0
131.0975,123.09690093994142,8.000602722167955,0
130.07088,122.96012115478516,7.110755920410156,0
128.80125,122.4618911743164,6.339363098144531,0
127.94649,118.20233154296875,9.744155883789062,0
125.71408,118.46611785888673,7.247962951660142,0
123.86635,124.84564208984375,0.9792938232421875,1
123.9092,122.23718261718749,1.672019958496108,0
123.668655,119.24768829345703,4.420967102050781,0
123.16461,117.36213684082031,5.8024749755859375,0
122.25647,118.62242889404297,3.6340408325195312,0
121.62193,113.67901611328125,7.9429168701171875,0
120.7382,118.30004119873047,2.4381561279296875,0
120.65512,117.21561431884766,3.4395065307617188,0
120.47667,119.1500015258789,1.3266677856445312,0
120.426834,118.24140930175781,2.1854248046875,0
120.53949,121.13320922851562,0.593719482421875,1
120.81384,122.67680358886719,1.8629608154296875,0
121.06784,121.8854751586914,0.8176345825195312,1
121.5983,117.75293731689453,3.8453598022460938,0
121.57525,117.2253646850586,4.349884033203125,0
120.59119,120.5470199584961,0.04416656494140625,1
120.640594,119.71662139892577,0.923973083496108,1
120.855064,117.32306671142577,3.5319976806640767,0
120.98763,117.81153869628906,3.1760940551757812,0
120.966774,118.41726684570312,2.5495071411132812,0
121.616615,118.5931167602539,3.02349853515625,0
121.673004,117.13743591308594,4.5355682373046875,0
121.66684,119.33561706542969,2.3312225341796875,0
121.56122,120.16600799560547,1.3952102661132812,0
121.89836,122.99921417236328,1.1008529663085938,0
122.09493,123.30204772949219,1.2071151733398438,0
122.1472,124.95313262939455,2.805931091308608,0
122.529,127.35643768310547,4.8274383544921875,0
123.86729,129.9355926513672,6.068305969238281,0
125.24437,128.2161865234375,2.9718170166015625,0
125.9167,131.33265686035156,5.41595458984375,0
126.99506,128.9879608154297,1.9928970336914062,0
127.97545,131.40106201171875,3.4256134033203125,0
129.00963,131.06890869140625,2.0592803955078125,0
129.8974,131.73324584960938,1.835845947265625,0
130.75375,130.04307556152344,0.7106781005859375,1
131.55055,130.42410278320312,1.1264495849609375,0
132.3164,128.9000244140625,3.4163818359375,0
132.65318,131.22520446777344,1.427978515625,0
133.04286,131.61599731445312,1.4268646240234375,0
133.51793,131.29356384277344,2.224365234375,0
133.79521,130.50225830078125,3.2929534912109375,0
133.5493,130.40452575683594,3.144775390625,0
132.89674,128.43109130859375,4.4656524658203125,0
132.56194,129.48617553710938,3.0757598876953125,0
132.05704,124.90428161621094,7.1527557373046875,0
131.09685,125.14851379394531,5.948333740234375,0
130.07713,126.7507553100586,3.3263778686523438,0
129.64525,127.42600250244139,2.2192459106445455,0
129.2466,124.13782501220703,5.108772277832031,0
128.67375,123.2179183959961,5.455833435058594,0
127.85527,120.14505004882812,7.7102203369140625,0
127.055855,122.29800415039062,4.757850646972656,0
126.30876,124.72499084472656,1.583770751953125,0
126.076416,123.57022094726562,2.506195068359375,0
125.73286,122.18057250976562,3.5522842407226562,0
125.358025,122.02400970458986,3.334014892578111,0
124.83327,124.58798217773438,0.2452850341796875,1
124.96309,122.7481689453125,2.2149200439453125,0
124.630295,124.38246154785155,0.2478332519531392,1
125.1001,124.18675994873047,0.9133377075195312,1
125.31684,124.13782501220703,1.17901611328125,0
125.29085,122.60137176513672,2.6894760131835938,0
124.78476,121.94570922851562,2.83905029296875,0
124.75239,121.62274932861328,3.129638671875,0
124.75607,122.3860855102539,2.3699874877929688,0
125.41761,120.89857482910156,4.519035339355469,0
125.199715,123.1983642578125,2.0013504028320312,0
125.02513,123.2081298828125,1.8170013427734375,0
125.080246,124.03015899658203,1.0500869750976562,0
125.544106,124.4118423461914,1.13226318359375,0
126.0844,123.4136505126953,2.670745849609389,0
125.71187,124.62712097167969,1.084747314453125,0
126.226746,127.690185546875,1.46343994140625,0
126.69574,126.86816406250001,0.1724243164062642,1
127.08939,127.36724853515626,0.27785491943360796,1
127.40554,128.97218322753906,1.5666427612304688,0
128.30646,127.67062377929688,0.635833740234375,1
128.83733,129.47128295898438,0.6339569091796875,1
129.74315,131.11534118652344,1.3721923828125,0
130.6209,130.8413848876953,0.220489501953125,1
131.78354,130.55755615234375,1.225982666015625,0
132.45749,130.2639923095703,2.1934967041015625,0
132.99794,131.89828491210938,1.0996551513671875,0
133.628,133.41513061523438,0.2128753662109375,1
134.30978,134.0316619873047,0.2781219482421875,1
135.29144,134.33505249023438,0.956390380859375,1
136.15111,136.96754455566406,0.816436767578125,1
136.81708,138.98345947265625,2.1663818359375,0
137.76166,141.47894287109375,3.71728515625,0
138.76642,140.17738342285156,1.4109649658203125,0
139.27237,142.00741577148438,2.73504638671875,0
140.33029,141.4104461669922,1.0801544189453125,0
141.13019,142.5260467529297,1.3958587646484375,0
141.79688,145.96104431152344,4.1641693115234375,0
142.6577,145.30535888671875,2.6476593017578125,0
143.51117,143.26002502441406,0.2511444091796875,1
144.0204,139.40426635742188,4.6161346435546875,0
143.65152,143.02516174316406,0.6263580322265625,1
143.81804,142.29119873046875,1.5268402099609375,0
143.9796,143.66127014160156,0.318328857421875,1
144.32469,145.3836669921875,1.0589752197265625,0
144.68782,145.80445861816406,1.11663818359375,0
144.96404,143.63192749023438,1.3321075439453125,0
144.59808,141.8802032470703,2.7178802490234375,0
144.29715,142.5260467529297,1.7711029052734375,0
144.19319,142.74134826660156,1.45184326171875,0
144.1785,142.40863037109375,1.769866943359375,0
144.04236,144.20928955078125,0.16693115234375,1
143.71526,143.80804443359375,0.0927886962890625,1
143.53151,143.91571044921875,0.3842010498046875,1
143.7389,143.22964477539062,0.5092620849609375,1
144.49937,143.18064880371094,1.3187255859375,0
144.45277,142.7003936767578,1.75238037109375,0
144.4553,142.95523071289062,1.5000762939453125,0
144.2425,145.92489624023438,1.682403564453125,0
144.3093,146.13067626953125,1.821380615234375,0
144.35677,148.11050415039062,3.7537384033203125,0
145.29271,147.1990203857422,1.90631103515625,0
146.3961,143.4452667236328,2.950836181640625,0
146.0858,143.77850341796875,2.3072967529296875,0
145.93953,145.23883056640625,0.7006988525390625,1
146.24954,146.72854614257812,0.47900390625,1
146.44002,146.64031982421875,0.2003021240234375,1
146.74545,145.4054412841797,1.3400115966796875,0
146.67836,144.60179138183594,2.076568603515625,0
146.68193,145.64065551757812,1.0412750244140625,0
146.85374,150.0706329345703,3.216888427734375,0
147.54341,148.80636596679688,1.2629547119140625,0
147.91495,149.4727783203125,1.557830810546875,0
148.04688,150.59007263183594,2.5431976318359375,0
148.35306,151.22715759277344,2.8740997314453125,0
148.50813,153.56956481933594,5.061431884765625,0
149.04602,152.02101135253906,2.9749908447265625,0
150.03673,151.001708984375,0.9649810791015625,1
150.6881,146.00331115722656,4.684783935546875,0
149.93155,146.57174682617188,3.35980224609375,0
149.45859,145.1702117919922,4.2883758544921875,0
148.86096,146.0620574951172,2.7989044189453125,0
148.78311,145.8268585205078,2.9562530517578125,0
148.85376,143.15122985839844,5.7025299072265625,0
148.2035,140.0933380126953,8.11016845703125,0
146.6847,140.5736083984375,6.111083984375,0
145.80745,142.94546508789062,2.8619842529296875,0
145.2905,143.90591430664062,1.38458251953125,0
144.82027,143.9940948486328,0.826171875,1
144.32806,142.4749755859375,1.85308837890625,0
143.19693,139.08389282226562,4.113037109375,0
141.95345,139.98558044433594,1.967864990234375,0
141.20583,138.6820831298828,2.52374267578125,0
140.73102,139.80914306640625,0.921875,1
140.35918,136.36904907226562,3.9901275634765625,0
139.77185,138.2998046875,1.4720458984375,0
139.4622,139.17208862304688,0.2901153564453125,1
139.25656,140.43641662597656,1.1798553466796875,0
139.57352,140.05416870117188,0.48065185546875,1
140.12825,139.96595764160156,0.16229248046875,1
140.42749,138.69186401367188,1.735626220703125,0
140.00546,138.1038360595703,1.9016265869140625,0
139.3371,140.8970489501953,1.5599517822265625,0
139.28435,141.95555114746094,2.67120361328125,0
139.55011,143.63150024414062,4.081390380859375,0
140.49986,145.7974853515625,5.2976226806640625,0
141.45584,146.28753662109375,4.831695556640625,0
142.65627,146.50314331054688,3.8468780517578125,0
143.54185,145.72886657714844,2.18701171875,0
145.01672,145.6798553466797,0.6631317138671875,1
146.04932,146.34629821777344,0.2969818115234375,1
146.8808,145.8856964111328,0.9951019287109375,1
147.30894,149.5316162109375,2.2226715087890625,0
148.07062,146.81675720214844,1.2538604736328125,0
147.99443,145.99349975585938,2.0009307861328125,0
148.36206,147.03236389160156,1.3296966552734375,0
148.96829,148.4730987548828,0.4951934814453125,1
149.46431,147.9536590576172,1.510650634765625,0
149.6895,148.48365783691406,1.205841064453125,0
149.80019,147.65921020507812,2.1409759521484375,0
149.44989,148.0223388671875,1.42755126953125,0
149.20804,145.18577575683594,4.0222625732421875,0
148.40628,145.13670349121094,3.2695770263671875,0
148.03482,147.21749877929688,0.81732177734375,1
148.02803,147.22735595703125,0.8006744384765625,1
147.96495,148.20883178710938,0.2438812255859375,1
148.19945,150.65281677246094,2.453369140625,0
148.1114,154.9518585205078,6.8404541015625,0
149.0879,157.58230590820312,8.494400024414062,0
150.40677,158.04364013671875,7.636871337890625,0
151.51202,158.42640686035156,6.9143829345703125,0
152.50307,158.94660949707034,6.443542480468778,0
153.6508,153.91146850585938,0.2606658935546875,1
153.51709,157.278076171875,3.760986328125,0
153.96085,162.24452209472656,8.283676147460938,0
154.4165,161.72430419921875,7.30780029296875,0
155.43774,160.7329864501953,5.2952423095703125,0
156.3079,158.84849548339844,2.54058837890625,0
156.82465,162.26414489746094,5.4394989013671875,0
157.66153,168.0158233642578,10.354293823242188,0
158.70004,171.84375,13.143707275390625,0
159.83578,171.33334350585938,11.49755859375,0
160.73186,176.13299560546875,15.401138305664062,0
161.75381,172.4915771484375,10.737762451171875,0
162.18564,171.1075897216797,8.921951293945312,0
162.64095,175.98574829101562,13.344802856445312,0
163.44806,169.07589721679688,5.627838134765625,0
164.03651,167.9765625,3.9400482177734375,0
164.26794,166.61224365234375,2.34429931640625,0
164.48495,169.7924041748047,5.3074493408203125,0
165.04617,172.39340209960938,7.34722900390625,0
165.83147,173.02157592773438,7.1901092529296875,0
166.89394,176.99674987792966,10.102813720703097,0
167.89891,175.9759216308594,8.077011108398466,0
168.40144,176.06427001953125,7.6628265380859375,0
168.70314,174.90606689453122,6.202926635742159,0
168.95119,174.28775024414065,5.336563110351591,0
168.67444,178.6456298828125,9.97119140625,0
169.14998,176.3783416748047,7.228363037109375,0
169.49258,171.6866912841797,2.1941070556640625,0
168.93127,168.82066345214844,0.1106109619140625,1
168.89638,168.987548828125,0.0911712646484375,1
169.01935,169.0071563720703,0.0121917724609375,1
169.22632,171.84375,2.617431640625,0
169.49199,172.28544616699216,2.7934570312499716,0
169.46661,169.0071563720703,0.4594573974609375,1
168.97699,169.87091064453122,0.8939208984374716,1
168.13507,166.6613311767578,1.4737396240234375,0
167.185,163.15733337402347,4.027664184570284,0
166.05788,161.46914672851562,4.5887298583984375,0
165.02106,159.40789794921875,5.6131591796875,0
163.85756,158.63255310058594,5.225006103515625,0
161.90602,156.82656860351562,5.0794525146484375,0
160.3805,156.73818969726562,3.642303466796875,0
159.17577,156.27691650390625,2.8988494873046875,0
158.14203,167.18154907226565,9.039520263671903,0
158.6738,171.5492706298828,12.875473022460938,0
159.65186,171.3824462890625,11.7305908203125,0
160.22987,172.5897216796875,12.359848022460938,0
160.74939,169.7040252685547,8.954635620117188,0
161.14961,169.4190216064453,8.2694091796875,0
161.35487,168.70161437988278,7.346740722656222,0
161.7698,171.81700134277344,10.047195434570312,0
162.80194,173.24203491210938,10.440093994140625,0
164.01076,169.1536865234375,5.1429290771484375,0
164.72253,165.73367309570312,1.011138916015625,0
165.06786,165.96954345703125,0.9016876220703125,1
165.70372,169.8121337890625,4.1084136962890625,0
166.63158,169.57630920410156,2.944732666015625,0
167.51242,165.96954345703125,1.542877197265625,0
166.9909,164.416748046875,2.57415771484375,0
165.89099,161.48812866210938,4.402862548828125,0
164.72995,157.31138610839844,7.4185638427734375,0
163.26921,159.93533325195312,3.3338775634765625,0
162.36389,162.00901794433597,0.3548736572265341,1
161.9931,162.27432250976565,0.2812194824219034,1
161.67786,160.38742065429688,1.290435791015625,0
160.87584,163.6895294189453,2.813690185546875,0
160.39389,163.3651885986328,2.9712982177734375,0
160.19672,160.35791015625,0.16119384765625,1
159.96759,156.55462646484375,3.4129638671875,0
159.33641,154.72665405273438,4.6097564697265625,0
157.98297,160.14173889160156,2.1587677001953125,0
157.62909,155.78810119628906,1.8409881591796875,0
157.0632,152.0634002685547,4.9998016357421875,0
156.39546,148.02423095703125,8.371231079101562,0
155.61124,152.4171905517578,3.1940460205078125,0
155.60538,156.8396453857422,1.2342681884765625,0
155.61104,157.85186767578125,2.2408294677734375,0
155.57204,161.1539764404297,5.581939697265625,0
155.55829,162.52984619140625,6.9715576171875,0
155.87779,165.9105682373047,10.03277587890625,0
156.16873,167.27659606933594,11.107864379882812,0
156.47197,171.07009887695315,14.598129272460966,0
157.27931,171.7089080810547,14.429595947265625,0
158.43333,172.57373046875,14.140396118164062,0
159.6912,175.8758087158203,16.184616088867188,0
160.72188,174.70632934570312,13.984451293945312,0
162.1336,171.6007843017578,9.467178344726562,0
163.4689,171.3059844970703,7.8370819091796875,0
165.38084,175.36477661132812,9.983932495117188,0
167.08871,172.04302978515625,4.954315185546875,0
167.96434,168.8686981201172,0.90435791015625,1
168.31871,169.17332458496094,0.8546142578125,1
168.58168,167.15867614746094,1.423004150390625,0
168.53111,162.8934783935547,5.63763427734375,0
167.80339,164.77056884765622,3.032821655273466,0
167.30661,167.4633331298828,0.1567230224609375,1
166.81546,162.44139099121097,4.374069213867159,0
165.91397,162.2251892089844,3.6887817382812216,0
165.06009,164.5150604248047,0.5450286865234375,1
164.16936,164.34794616699222,0.17858886718752842,1
163.43149,163.55194091796872,0.12045288085934658,1
162.8544,159.00170898437497,3.8526916503906534,0
162.01039,160.0729522705078,1.93743896484375,0
160.78087,154.0977325439453,6.683135986328125,0
159.51271,153.87171936035156,5.6409912109375,0
158.49706,160.81985473632812,2.3227996826171875,0
158.18985,154.93307495117188,3.25677490234375,0
157.56,155.23773193359375,2.322265625,0
157.28748,156.7315216064453,0.5559539794921875,1
157.02733,163.15882873535156,6.131500244140625,0
156.99847,154.0682373046875,2.93023681640625,0
156.53513,154.79652404785156,1.7386016845703125,0
156.21115,149.65896606445312,6.55218505859375,0
155.27336,152.07029724121094,3.20306396484375,0
154.65207,144.18678283691406,10.465286254882812,0
153.52205,140.30899047851562,13.213058471679688,0
152.30896,144.7871551513672,7.5218048095703125,0
151.63518,143.2418975830078,8.393280029296875,0
151.18556,146.88351440429688,4.3020477294921875,0
150.96477,138.59649658203125,12.368270874023438,0
149.66129,135.1812744140625,14.480010986328125,0
148.42708,135.41748046875,13.009597778320312,0
147.18517,140.8502960205078,6.334869384765625,0
146.31204,138.14370727539062,8.1683349609375,0
144.83316,138.30120849609375,6.531951904296875,0
143.8475,141.5097198486328,2.3377838134765625,0
143.0463,147.2771759033203,4.2308807373046875,0
142.96141,146.4898223876953,3.528411865234375,0
142.54662,146.3618621826172,3.81524658203125,0
142.81752,148.82240295410156,6.0048828125,0
143.51724,143.08444213867188,0.43280029296875,1
143.25085,143.83245849609375,0.58160400390625,1
143.29776,146.3618621826172,3.0641021728515625,0
143.22148,145.6237335205078,2.402252197265625,0
143.91718,140.38772583007812,3.529449462890625,0
144.24178,134.96473693847656,9.27703857421875,0
143.97897,129.79762268066406,14.181350708007812,0
142.80193,130.6637420654297,12.13818359375,0
142.19745,133.29153442382812,8.905914306640625,0
141.79808,128.00637817382812,13.791702270507812,0
140.70992,129.48265075683594,11.227264404296875,0
139.1744,133.724609375,5.4497833251953125,0
138.47987,133.21282958984375,5.2670440673828125,0
137.72733,136.0867156982422,1.6406097412109375,0
137.02184,139.42320251464844,2.4013671875,0
136.93988,139.42320251464844,2.4833221435546875,0
136.80441,135.26980590820312,1.53460693359375,0
136.12003,137.03155517578125,0.911529541015625,1
135.67114,134.56121826171875,1.10992431640625,0
135.24962,136.7362823486328,1.486663818359375,0
135.58975,139.3247833251953,3.7350311279296875,0
136.5705,140.66326904296875,4.0927734375,0
137.45456,144.03915405273438,6.5845947265625,0
138.34903,144.71823120117188,6.36920166015625,0
139.92154,142.58250427246094,2.6609649658203125,0
140.90608,143.55686950683594,2.650787353515625,0
141.56305,143.19273376464844,1.6296844482421875,0
142.24675,146.1256866455078,3.878936767578125,0
142.86935,147.79881286621094,4.9294586181640625,0
143.3534,144.747802734375,1.3944091796875,0
143.40292,148.61572265625,5.212799072265625,0
144.4216,150.62350463867188,6.201904296875,0
145.42726,152.8970489501953,7.46978759765625,0
146.92262,151.65692138671875,4.7342987060546875,0
147.96722,150.53492736816406,2.5677032470703125,0
148.68803,149.2062225341797,0.5181884765625,1
149.08626,154.31427001953125,5.2280120849609375,0
149.58249,154.86541748046875,5.282928466796875,0
150.09145,159.9439697265625,9.852523803710938,0
151.21252,158.95974731445315,7.747222900390653,0
152.21321,157.48342895507812,5.2702178955078125,0
153.07274,163.50682067871094,10.43408203125,0
154.03787,163.19187927246094,9.154006958007812,0
154.97867,162.96519470214847,7.986526489257841,0
156.31387,162.49209594726562,6.17822265625,0
157.25906,162.54139709472656,5.2823333740234375,0
158.0614,166.79905700683594,8.737655639648438,0
158.96649,166.0598907470703,7.0933990478515625,0
159.98083,169.6178436279297,9.637008666992188,0
161.29778,170.69207763671875,9.394302368164062,0
162.87646,170.53440856933594,7.6579437255859375,0
164.08662,172.032470703125,7.9458465576171875,0
165.22495,171.6382598876953,6.4133148193359375,0
166.00784,169.04615783691406,3.0383148193359375,0
166.42903,165.15316772460938,1.2758636474609375,0
166.50008,164.8180694580078,1.6820068359375,0
165.98563,165.11372375488284,0.8719024658202841,1
165.76256,167.57769775390622,1.815139770507784,0
165.99606,161.26013183593753,4.735931396484347,0
165.33557,159.0524444580078,6.2831268310546875,0
164.68379,156.61805725097656,8.06573486328125,0
163.34473,154.95242309570312,8.392303466796875,0
162.13658,155.68174743652344,6.454833984375,0
160.652,153.56277465820312,7.0892181396484375,0
159.02672,152.30123901367188,6.7254791259765625,0
157.53195,153.7106170654297,3.8213348388671875,0
156.08862,152.23223876953125,3.85638427734375,0
154.7117,155.10028076171875,0.388580322265625,1
154.08713,161.07286071777344,6.9857330322265625,0
154.38489,151.62118530273438,2.763702392578125,0
153.79541,153.06997680664062,0.725433349609375,1
153.46442,150.17237854003906,3.2920379638671875,0
152.57707,148.52647399902344,4.05059814453125,0
151.68802,152.25193786621094,0.5639190673828125,1
151.66833,154.6370391845703,2.9687042236328125,0
151.8097,151.5029296875,0.3067626953125,1
151.78145,150.53704833984375,1.2444000244140625,0
151.62047,148.26034545898438,3.3601226806640625,0
151.36523,148.59547424316406,2.7697601318359375,0
151.22041,149.57119750976562,1.6492156982421875,0
151.02768,147.67886352539062,3.34881591796875,0
150.55615,140.4250030517578,10.131149291992188,0
149.46086,136.20677185058594,13.25408935546875,0
147.59377,140.3954620361328,7.19830322265625,0
146.87524,143.99281311035156,2.8824310302734375,0
146.43057,144.28848266601562,2.14208984375,0
146.22751,143.33245849609375,2.895050048828125,0
146.0767,138.0695037841797,8.0072021484375,0
145.03693,138.3947296142578,6.6421966552734375,0
143.86667,136.97547912597656,6.8911895751953125,0
142.82391,136.34474182128906,6.4791717529296875,0
141.85039,140.9276580810547,0.9227294921875,1
141.45267,136.38417053222656,5.0684967041015625,0
140.77077,140.35604858398438,0.4147186279296875,1
140.39691,141.6767120361328,1.2798004150390625,0
140.15648,141.78514099121094,1.628662109375,0
140.62016,141.32191467285156,0.701751708984375,1
141.33206,145.1459503173828,3.8138885498046875,0
141.813,147.29449462890625,5.4814910888671875,0
142.1487,150.14279174804688,7.9940948486328125,0
142.67094,147.19593811035156,4.524993896484375,0
142.84938,142.71157836914062,0.1378021240234375,1
143.04852,153.4938201904297,10.445297241210938,0
143.76964,151.12838745117188,7.3587493896484375,0
144.6596,148.47720336914062,3.817596435546875,0
145.38617,142.938232421875,2.44793701171875,0
145.3077,136.876953125,8.430740356445312,0
145.18803,136.61041259765625,8.577621459960938,0
144.62967,137.14349365234375,7.486175537109375,0
144.33614,137.716064453125,6.6200714111328125,0
144.04953,133.14527893066406,10.904251098632812,0
143.57567,144.99183654785156,1.416168212890625,0
143.52893,147.78562927246094,4.2566986083984375,0
143.6226,146.38380432128906,2.761199951171875,0
143.50743,148.1212921142578,4.613861083984375,0
143.61606,146.88726806640625,3.271209716796875,0
144.02042,148.79261779785156,4.7722015380859375,0
143.65607,149.35533142089844,5.6992645263671875,0
143.59819,146.1172637939453,2.519073486328125,0
143.52087,148.25949096679688,4.738616943359375,0
144.10068,149.13812255859375,5.037445068359375,0
145.30049,146.21597290039062,0.9154815673828125,1
146.12791,142.37570190429688,3.7522125244140625,0
146.34642,139.36474609375,6.9816741943359375,0
146.24619,146.13699340820312,0.10919189453125,1
146.97307,146.41343688964844,0.55963134765625,1
146.94505,145.91981506347656,1.025238037109375,0
146.65645,144.75491333007812,1.9015350341796875,0
146.43318,141.08245849609375,5.3507232666015625,0
145.71341,139.13766479492188,6.57574462890625,0
145.02187,140.8258056640625,4.1960601806640625,0
144.39523,140.34207153320312,4.05316162109375,0
143.65533,142.6422882080078,1.0130462646484375,0
143.5541,143.6097412109375,0.0556488037109375,1
143.18675,141.37863159179688,1.8081207275390625,0
142.61067,134.75445556640625,7.8562164306640625,0
141.73685,132.78990173339844,8.946945190429688,0
140.82976,130.67727661132812,10.152481079101562,0
140.37718,130.60816955566406,9.769012451171875,0
138.84534,133.7178955078125,5.12744140625,0
137.94633,130.53903198242188,7.4073028564453125,0
136.90599,130.17379760742188,6.7321929931640625,0
136.00183,128.36717224121094,7.6346588134765625,0
135.19754,124.42822265625,10.769317626953125,0
134.20969,127.95256805419923,6.257118225097642,0
133.54852,128.26846313476562,5.280059814453125,0
